plotNumber,genotype,row,range,earHeight,flagLeafHeight,tasselTipHeight,location,nitrogenTreatment,notes
1001,LH93,2,2,59.436,112.776,147.828,Lincoln,Medium,
1002,11430,3,2,41.148,128.016,166.116,Lincoln,Medium,
1003,PHJ40,4,2,54.864,114.3,144.78,Lincoln,Medium,
1004,NC232,5,2,80.772,126.492,163.068,Lincoln,Medium,
1005,KUI44,6,2,100.584,126.492,160.02,Lincoln,Medium,
1006,NC310,7,2,79.248,147.828,179.832,Lincoln,Medium,
1007,807,8,2,41.148,129.54,169.164,Lincoln,Medium,
1008,H95,9,2,48.768,132.588,169.164,Lincoln,Medium,
1009,CO125,10,2,32.004,117.348,155.448,Lincoln,Medium,
1010,NC238,11,2,73.152,140.208,158.496,Lincoln,Medium,
1011,NC362,12,2,56.388,120.396,156.972,Lincoln,Medium,
1012,NC340,13,2,36.576,99.06,164.592,Lincoln,Medium,
1013,VAW6,14,2,47.244,102.108,137.16,Lincoln,Medium,
1014,A635,15,2,47.244,111.252,141.732,Lincoln,Medium,
1015,793,16,2,50.292,120.396,158.496,Lincoln,Medium,
1016,NC350,17,2,60.96,124.968,170.688,Lincoln,Medium,
2001,MO47,18,2,35.052,121.92,161.544,Lincoln,Medium,
2002,PHG47,19,2,35.052,112.776,155.448,Lincoln,Medium,
2003,W22,20,2,33.528,109.728,152.4,Lincoln,Medium,
2004,CM37,21,2,27.432,88.392,120.396,Lincoln,Medium,
2005,NC360,22,2,62.484,89.916,149.352,Lincoln,Medium,
2006,NC262,23,2,39.624,108.204,156.972,Lincoln,Medium,
2007,A556,24,2,24.384,97.536,137.16,Lincoln,Medium,
2008,B73,25,2,94.488,175.26,213.36,Lincoln,Medium,
2009,NC364,26,2,64.008,146.304,184.404,Lincoln,Medium,
2010,NC302,27,2,76.2,131.064,184.404,Lincoln,Medium,
2011,779,28,2,70.104,131.064,153.924,Lincoln,Medium,
2012,IDS69,29,2,68.58,117.348,146.304,Lincoln,Medium,
2013,UFMU-08808,30,2,79.248,164.592,193.548,Lincoln,Medium,
2014,UFMU-07581,31,2,82.296,152.4,184.404,Lincoln,Medium,
2015,W117HT,32,2,48.768,97.536,117.348,Lincoln,Medium,
2016,IL101,33,2,35.052,105.156,132.588,Lincoln,Medium,
2032,UFMU-10402,33,3,77.724,146.304,179.832,Lincoln,Medium,
2031,F42,32,3,39.624,131.064,176.784,Lincoln,Medium,
2030,LH54,31,3,53.34,114.3,153.924,Lincoln,Medium,
2029,L127,30,3,42.672,111.252,140.208,Lincoln,Medium,
2028,B73,29,3,94.488,184.404,220.98,Lincoln,Medium,
2027,RS 710,28,3,38.1,111.252,138.684,Lincoln,Medium,
2026,UFMU-05595,27,3,64.008,140.208,172.212,Lincoln,Medium,
2025,I29,26,3,45.72,109.728,155.448,Lincoln,Medium,
2024,CM7,25,3,57.912,187.452,181.356,Lincoln,Medium,
2023,NC290A,24,3,57.912,144.78,192.024,Lincoln,Medium,
2022,NC346,23,3,97.536,170.688,207.264,Lincoln,Medium,
2021,UFMU-08805,22,3,60.96,155.448,184.404,Lincoln,Medium,
2020,B73,21,3,88.392,175.26,207.264,Lincoln,Medium,
2019,CML220,20,3,50.292,117.348,150.876,Lincoln,Medium,
2018,H99,19,3,35.052,105.156,143.256,Lincoln,Medium,
2017,29MIBZ2,18,3,76.2,111.252,147.828,Lincoln,Medium,
1032,K55,17,3,35.052,129.54,163.068,Lincoln,Medium,
1031,DE1,16,3,82.296,123.444,160.02,Lincoln,Medium,
1030,CM174,15,3,25.908,105.156,111.252,Lincoln,Medium,
1029,A554,14,3,47.244,131.064,166.116,Lincoln,Medium,
1028,IL14H,13,3,68.58,173.736,211.836,Lincoln,Medium,
1027,6F629,12,3,85.344,149.352,182.88,Lincoln,Medium,
1026,CH9,11,3,30.48,129.54,169.164,Lincoln,Medium,
1025,NC314,10,3,53.34,161.544,172.212,Lincoln,Medium,
1024,K148,9,3,73.152,164.592,202.692,Lincoln,Medium,
1023,B73,8,3,86.868,172.212,204.216,Lincoln,Medium,
1022,B104,7,3,56.388,161.544,193.548,Lincoln,Medium,
1021,VA17,6,3,67.056,147.828,187.452,Lincoln,Medium,
1020,ND246,5,3,41.148,123.444,152.4,Lincoln,Medium,
1019,PHN11,4,3,41.148,112.776,147.828,Lincoln,Medium,
1018,792,3,3,54.864,135.636,160.02,Lincoln,Medium,
1017,N192,2,3,38.1,106.68,140.208,Lincoln,Medium,
1033,H105W,2,4,89.916,163.068,195.072,Lincoln,Medium,
1034,I205,3,4,65.532,146.304,196.596,Lincoln,Medium,
1035,N6,4,4,65.532,141.732,169.164,Lincoln,Medium,
1036,CML38,5,4,100.584,134.112,163.068,Lincoln,Medium,
1037,VA35,6,4,67.056,146.304,196.596,Lincoln,Medium,
1038,CI31A,7,4,80.772,141.732,182.88,Lincoln,Medium,
1039,Q381,8,4,62.484,141.732,184.404,Lincoln,Medium,Early maturity and broken
1040,NS501,9,4,56.388,128.016,156.972,Lincoln,Medium,Early maturity and broken
1041,LH82,10,4,48.768,115.824,143.256,Lincoln,Medium,
1042,H8431,11,4,38.1,132.588,169.164,Lincoln,Medium,
1043,B73,12,4,86.868,175.26,211.836,Lincoln,Medium,
1044,207,13,4,59.436,131.064,176.784,Lincoln,Medium,
1045,NC236,14,4,112.776,187.452,227.076,Lincoln,Medium,
1046,78004,15,4,71.628,150.876,213.36,Lincoln,Medium,
1047,B73,16,4,89.916,172.212,213.36,Lincoln,Medium,
1048,LH51,17,4,79.248,146.304,195.072,Lincoln,Medium,
2033,778,18,4,71.628,126.492,164.592,Lincoln,Medium,Early maturity and broken
2034,S8324,19,4,27.432,105.156,137.16,Lincoln,Medium,Early maturity and broken
2035,CI66,20,4,47.244,77.724,108.204,Lincoln,Medium,
2036,A188,21,4,28.956,120.396,129.54,Lincoln,Medium,
2037,[WHITE VARIEGATED (ISO. FROM BM4 AC3252) (B73-1)],22,4,73.152,149.352,185.928,Lincoln,Medium,
2038,78010,23,4,64.008,134.112,172.212,Lincoln,Medium,
2039,B73,24,4,96.012,182.88,220.98,Lincoln,Medium,
2040,B73,25,4,97.536,181.356,214.884,Lincoln,Medium,
2041,CO106,26,4,71.628,146.304,175.26,Lincoln,Medium,
2042,YU796_NS,27,4,62.484,141.732,179.832,Lincoln,Medium,
2043,P39,28,4,,,,Lincoln,Medium,Early maturity and lodged
2044,EP1,29,4,38.1,111.252,137.16,Lincoln,Medium,Early maturity and broken
2045,W153R,30,4,36.576,85.344,109.728,Lincoln,Medium,
2046,UFMU-02421,31,4,70.104,140.208,169.164,Lincoln,Medium,
2047,UFMU-08594,32,4,73.152,135.636,160.02,Lincoln,Medium,
2048,UFMU-07868,33,4,44.196,114.3,149.352,Lincoln,Medium,
2064,CML254,33,5,131.064,187.452,210.312,Lincoln,Medium,Late maturity
2063,TZI11,32,5,96.012,175.26,216.408,Lincoln,Medium,
2062,CML277,31,5,100.584,160.02,192.024,Lincoln,Medium,
2061,LH208,30,5,73.152,167.64,213.36,Lincoln,Medium,
2060,OH7B,29,5,115.824,205.74,256.032,Lincoln,Medium,
2059,IA2132,28,5,56.388,121.92,158.496,Lincoln,Medium,Early maturity and broken
2058,MT42,27,5,47.244,114.3,146.304,Lincoln,Medium,Early maturity and broken
2057,NC230,26,5,73.152,134.112,170.688,Lincoln,Medium,
2056,A654,25,5,45.72,126.492,166.116,Lincoln,Medium,
2055,LH57,24,5,50.292,131.064,167.64,Lincoln,Medium,
2054,B73,23,5,94.488,181.356,211.836,Lincoln,Medium,
2053,UFMU-11445,22,5,77.724,150.876,176.784,Lincoln,Medium,
2052,CI187-2,21,5,54.864,79.248,152.4,Lincoln,Medium,
2051,W22 R1-R,20,5,67.056,134.112,167.64,Lincoln,Medium,
2050,F7,19,5,35.052,86.868,109.728,Lincoln,Medium,Early maturity and broken
2049,LH1,18,5,67.056,164.592,199.644,Lincoln,Medium,
1064,C103,17,5,68.58,164.592,210.312,Lincoln,Medium,
1063,A239,16,5,70.104,152.4,193.548,Lincoln,Medium,
1062,IDS91,15,5,71.628,144.78,187.452,Lincoln,Medium,
1061,VA14,14,5,68.58,170.688,213.36,Lincoln,Medium,
1060,MDF-13D,13,5,76.2,155.448,192.024,Lincoln,Medium,
1059,B73,12,5,99.06,190.5,224.028,Lincoln,Medium,
1058,B73,11,5,79.248,184.404,225.552,Lincoln,Medium,
1057,CMV3,10,5,33.528,99.06,156.972,Lincoln,Medium,Broken
1056,SD44,9,5,44.196,138.684,172.212,Lincoln,Medium,
1055,A679,8,5,77.724,170.688,211.836,Lincoln,Medium,
1054,NC260,7,5,71.628,170.688,216.408,Lincoln,Medium,
1053,CML323,6,5,85.344,143.256,187.452,Lincoln,Medium,
1052,B79,5,5,88.392,150.876,187.452,Lincoln,Medium,
1051,CR1HT,4,5,32.004,117.348,156.972,Lincoln,Medium,
1050,B73,3,5,97.536,167.64,205.74,Lincoln,Medium,
1049,VA59,2,5,53.34,132.588,166.116,Lincoln,Medium,
1065,OH40B,2,6,73.152,152.4,192.024,Lincoln,Medium,
1066,M14,3,6,39.624,134.112,163.068,Lincoln,Medium,
1067,PHG71,4,6,47.244,137.16,176.784,Lincoln,Medium,
1068,B64,5,6,100.584,184.404,230.124,Lincoln,Medium,
1069,IL677A,6,6,38.1,123.444,158.496,Lincoln,Medium,
1070,OH43,7,6,53.34,150.876,185.928,Lincoln,Medium,
1071,A619,8,6,38.1,132.588,172.212,Lincoln,Medium,
1072,B57,9,6,57.912,131.064,166.116,Lincoln,Medium,
1073,B73,10,6,71.628,156.972,198.12,Lincoln,Medium,
1074,LH183,11,6,65.532,150.876,201.168,Lincoln,Medium,
1075,[WHITE VARIEGATED (ISO. FROM BM4 AC3252) (B73-1)],12,6,71.628,152.4,187.452,Lincoln,Medium,
1076,VA102,13,6,56.388,146.304,192.024,Lincoln,Medium,
1077,VA99,14,6,50.292,147.828,188.976,Lincoln,Medium,
1078,VA22,15,6,74.676,150.876,182.88,Lincoln,Medium,
1079,CO255,16,6,60.96,149.352,182.88,Lincoln,Medium,Early maturity and broken
1080,IA5125,17,6,45.72,123.444,153.924,Lincoln,Medium,Early maturity and broken
2065,[WHITE VARIEGATED (ISO. FROM BM4 AC3252) (B73-1)],18,6,91.44,152.4,192.024,Lincoln,Medium,
2066,B73,19,6,92.964,166.116,205.74,Lincoln,Medium,
2067,D940Y,20,6,103.632,190.5,233.172,Lincoln,Medium,Late maturity
2068,SC357,21,6,115.824,198.12,245.364,Lincoln,Medium,
2069,LH150,22,6,89.916,182.88,219.456,Lincoln,Medium,
2070,MS71,23,6,74.676,173.736,222.504,Lincoln,Medium,
2071,PA91,24,6,92.964,182.88,230.124,Lincoln,Medium,
2072,CML311,25,6,,,,Lincoln,Medium,Empty plot
2073,CML333,26,6,121.92,181.356,213.36,Lincoln,Medium,
2074,CML108,27,6,67.056,138.684,170.688,Lincoln,Medium,
2075,CI3A,28,6,92.964,181.356,214.884,Lincoln,Medium,
2076,K4,29,6,103.632,181.356,216.408,Lincoln,Medium,
2077,SC55,30,6,118.872,179.832,204.216,Lincoln,Medium,
2078,33-16,31,6,85.344,163.068,205.74,Lincoln,Medium,
2079,CML281,32,6,92.964,169.164,198.12,Lincoln,Medium,
2080,CML5,33,6,,199.644,237.744,Lincoln,Medium,
2096,NC294,33,7,94.488,179.832,211.836,Lincoln,Medium,
2095,KI14,32,7,,117.348,129.54,Lincoln,Medium,
2094,M37W,31,7,74.676,149.352,190.5,Lincoln,Medium,
2093,A661,30,7,57.912,121.92,156.972,Lincoln,Medium,Early maturity and broken
2092,MO45,29,7,97.536,146.304,181.356,Lincoln,Medium,
2091,NC300,28,7,88.392,132.588,164.592,Lincoln,Medium,
2090,F6,27,7,117.348,173.736,213.36,Lincoln,Medium,
2089,B73,26,7,94.488,187.452,225.552,Lincoln,Medium,
2088,TZI16,25,7,118.872,199.644,236.22,Lincoln,Medium,
2087,B73,24,7,88.392,188.976,225.552,Lincoln,Medium,
2086,NC320,23,7,105.156,185.928,225.552,Lincoln,Medium,
2085,4676A,22,7,59.436,182.88,220.98,Lincoln,Medium,
2084,5707,21,7,82.296,173.736,214.884,Lincoln,Medium,
2083,MO44,20,7,89.916,188.976,227.076,Lincoln,Medium,
2082,NC356,19,7,85.344,147.828,184.404,Lincoln,Medium,
2081,NC258,18,7,74.676,167.64,196.596,Lincoln,Medium,
1096,LH145,17,7,48.768,129.54,220.98,Lincoln,Medium,
1095,B73,16,7,89.916,181.356,217.932,Lincoln,Medium,
1094,SD40,15,7,50.292,134.112,172.212,Lincoln,Medium,
1093,HB8229,14,7,56.388,124.968,152.4,Lincoln,Medium,
1092,CI91B,13,7,42.672,106.68,156.972,Lincoln,Medium,
1091,W182B,12,7,36.576,128.016,158.496,Lincoln,Medium,Early maturity and broken
1090,CM105,11,7,32.004,114.3,144.78,Lincoln,Medium,Early maturity and broken
1089,CML247,10,7,92.964,124.968,163.068,Lincoln,Medium,
1088,BO9,9,7,50.292,141.732,181.356,Lincoln,Medium,
1087,MS1334,8,7,19.812,126.492,167.64,Lincoln,Medium,Early maturity and broken
1086,LH38,7,7,51.816,131.064,169.164,Lincoln,Medium,
1085,PHG86,6,7,73.152,143.256,192.024,Lincoln,Medium,
1084,B73,5,7,76.2,137.16,188.976,Lincoln,Medium,
1083,AQA3,4,7,150.876,111.252,143.256,Lincoln,Medium,Early maturity and broken
1082,PHG72,3,7,35.052,106.68,138.684,Lincoln,Medium,
1081,764,2,7,32.004,106.68,141.732,Lincoln,Medium,
1097,ML606,2,8,50.292,135.636,173.736,Lincoln,Medium,
1098,B73,3,8,62.484,143.256,164.592,Lincoln,Medium,
1099,PHG50,4,8,60.96,126.492,163.068,Lincoln,Medium,
1100,A659,5,8,47.244,126.492,170.688,Lincoln,Medium,
1101,N28HT,6,8,76.2,143.256,181.356,Lincoln,Medium,
1102,NC296,7,8,99.06,170.688,208.788,Lincoln,Medium,
1103,CML238,8,8,103.632,170.688,205.74,Lincoln,Medium,
1104,CI90C,9,8,76.2,137.16,179.832,Lincoln,Medium,
1105,PHG35,10,8,83.82,144.78,187.452,Lincoln,Medium,
1106,G80,11,8,54.864,124.968,167.64,Lincoln,Medium,
1107,2MA22,12,8,39.624,143.256,188.976,Lincoln,Medium,
1108,PHV63,13,8,60.96,131.064,173.736,Lincoln,Medium,
1109,PHT77,14,8,68.58,164.592,140.208,Lincoln,Medium,
1110,PHK76,15,8,56.388,131.064,170.688,Lincoln,Medium,
1111,A634,16,8,70.104,160.02,190.5,Lincoln,Medium,
1112,MBST,17,8,60.96,164.592,196.596,Lincoln,Medium,
2097,NC250,18,8,71.628,164.592,204.216,Lincoln,Medium,
2098,TZI25,19,8,83.82,164.592,202.692,Lincoln,Medium,
2099,R168,20,8,80.772,185.928,225.552,Lincoln,Medium,
2100,LH213,21,8,44.196,141.732,184.404,Lincoln,Medium,
2101,CML103,22,8,128.016,163.068,199.644,Lincoln,Medium,
2102,CML69,23,8,105.156,156.972,187.452,Lincoln,Medium,
2103,MO24W,24,8,97.536,185.928,236.22,Lincoln,Medium,
2104,OS420,25,8,108.204,204.216,252.984,Lincoln,Medium,
2105,B73HTRHM,26,8,94.488,187.452,233.172,Lincoln,Medium,
2106,B73,27,8,92.964,196.596,234.696,Lincoln,Medium,
2107,T8,28,8,109.728,205.74,243.84,Lincoln,Medium,
2108,LH123HT,29,8,429.768,140.208,175.26,Lincoln,Medium,
2109,CI.7,30,8,,179.832,147.828,Lincoln,Medium,2 cobs barren
2110,TX601,31,8,124.968,178.308,204.216,Lincoln,Medium,Low stand
2111,38-11,32,8,,114.3,144.78,Lincoln,Medium,Barren
2112,KUI2021,33,8,,152.4,170.688,Lincoln,Medium,Barren
2128,CML92,33,9,96.012,188.976,222.504,Lincoln,Medium,
2127,4226,32,9,67.056,163.068,204.216,Lincoln,Medium,
2126,CML261,31,9,,166.116,185.928,Lincoln,Medium,Barren
2125,R109B,30,9,73.152,160.02,202.692,Lincoln,Medium,
2124,CML331,29,9,126.492,192.024,225.552,Lincoln,Medium,
2123,L578,28,9,131.064,220.98,269.748,Lincoln,Medium,
2122,B73,27,9,96.012,196.596,234.696,Lincoln,Medium,
2121,CML287,26,9,149.352,245.364,274.32,Lincoln,Medium,weird tassel cobs
2120,B73,25,9,89.916,166.116,201.168,Lincoln,Medium,
2119,L317,24,9,121.92,208.788,239.268,Lincoln,Medium,
2118,F2834T,23,9,92.964,182.88,225.552,Lincoln,Medium,
2117,TX303,22,9,120.396,179.832,205.74,Lincoln,Medium,
2116,NC318,21,9,91.44,146.304,187.452,Lincoln,Medium,
2115,CML321,20,9,100.584,176.784,213.36,Lincoln,Medium,
2114,SG18,19,9,120.396,213.36,256.032,Lincoln,Medium,
2113,A441-5,18,9,126.492,210.312,251.46,Lincoln,Medium,
1128,PA91,17,9,97.536,190.5,230.124,Lincoln,Medium,
1127,CML281,16,9,137.16,222.504,251.46,Lincoln,Medium,
1126,NC356,15,9,92.964,166.116,202.692,Lincoln,Medium,Late maturuty 7 brace roots
1125,LH150,14,9,92.964,178.308,214.884,Lincoln,Medium,
1124,TZI25,13,9,103.632,170.688,202.692,Lincoln,Medium,
1123,T8,12,9,96.012,190.5,230.124,Lincoln,Medium,
1122,M37W,11,9,77.724,167.64,208.788,Lincoln,Medium,
1121,PA762,10,9,65.532,144.78,181.356,Lincoln,Medium,
1120,LH85,9,9,53.34,124.968,166.116,Lincoln,Medium,
1119,ZS365,8,9,47.244,144.78,184.404,Lincoln,Medium,
1118,NC264,7,9,57.912,146.304,185.928,Lincoln,Medium,
1117,DE_2,6,9,68.58,147.828,193.548,Lincoln,Medium,
1116,3IIH6,5,9,64.008,128.016,160.02,Lincoln,Medium,
1115,C49A,4,9,27.432,89.916,124.968,Lincoln,Medium,Early maturity and broken
1114,B73,3,9,65.532,158.496,187.452,Lincoln,Medium,
1113,LP5,2,9,21.336,115.824,153.924,Lincoln,Medium,
1129,CML277,2,10,103.632,179.832,219.456,Lincoln,Medium,
1130,CI3A,3,10,89.916,167.64,204.216,Lincoln,Medium,
1131,NC300,4,10,80.772,158.496,201.168,Lincoln,Medium,
1132,33-16,5,10,70.104,160.02,201.168,Lincoln,Medium,
1133,CML103,6,10,108.204,146.304,164.592,Lincoln,Medium,
1134,MO44,7,10,79.248,196.596,240.792,Lincoln,Medium,
1135,B73,8,10,80.772,179.832,214.884,Lincoln,Medium,
1136,D940Y,9,10,106.68,201.168,243.84,Lincoln,Medium,
1137,LH213,10,10,45.72,144.78,193.548,Lincoln,Medium,
1138,SC55,11,10,132.588,176.784,198.12,Lincoln,Medium,
1139,F6,12,10,120.396,188.976,239.268,Lincoln,Medium,
1140,CML254,13,10,149.352,219.456,249.936,Lincoln,Medium,
1141,CML333,14,10,132.588,198.12,234.696,Lincoln,Medium,
1142,OS420,15,10,67.056,172.212,208.788,Lincoln,Medium,
1143,CML5,16,10,,184.404,222.504,Lincoln,Medium,
1144,LH123HT,17,10,65.532,178.308,230.124,Lincoln,Medium,
2129,PHR36,18,10,70.104,170.688,192.024,Lincoln,Medium,
2130,CML157Q,19,10,57.912,172.212,219.456,Lincoln,Medium,
2131,TZI9,20,10,118.872,199.644,230.124,Lincoln,Medium,
2132,A6,21,10,138.684,204.216,239.268,Lincoln,Medium,
2133,KY226,22,10,91.44,175.26,220.98,Lincoln,Medium,
2134,B73,23,10,96.012,187.452,227.076,Lincoln,Medium,
2135,NC33,24,10,117.348,251.46,298.704,Lincoln,Medium,
2136,B75,25,10,94.488,179.832,227.076,Lincoln,Medium,
2137,CML52,26,10,158.496,227.076,266.7,Lincoln,Medium,
2138,TZI18,27,10,118.872,179.832,217.932,Lincoln,Medium,
2139,CML10,28,10,143.256,211.836,249.936,Lincoln,Medium,
2140,A641,29,10,48.768,112.776,141.732,Lincoln,Medium,
2141,NC260,30,10,47.244,158.496,205.74,Lincoln,Medium,
2142,B73,31,10,103.632,182.88,220.98,Lincoln,Medium,
2143,M14,32,10,47.244,129.54,167.64,Lincoln,Medium,
2144,PHG86,33,10,103.632,173.736,205.74,Lincoln,Medium,
2160,A239,33,11,71.628,161.544,199.644,Lincoln,Medium,
2159,VAW6,32,11,48.768,117.348,146.304,Lincoln,Medium,
2158,HB8229,31,11,42.672,129.54,156.972,Lincoln,Medium,
2157,PHT77,30,11,47.244,156.972,205.74,Lincoln,Medium,
2156,LH82,29,11,42.672,112.776,147.828,Lincoln,Medium,
2155,VA35,28,11,77.724,140.208,184.404,Lincoln,Medium,
2154,DE_2,27,11,74.676,166.116,216.408,Lincoln,Medium,
2153,SD40,26,11,56.388,143.256,182.88,Lincoln,Medium,
2152,I205,25,11,51.816,135.636,161.544,Lincoln,Medium,
2151,G80,24,11,56.388,131.064,163.068,Lincoln,Medium,
2150,B73,23,11,99.06,190.5,230.124,Lincoln,Medium,
2149,NC350,22,11,62.484,144.78,192.024,Lincoln,Medium,
2148,ML606,21,11,51.816,146.304,185.928,Lincoln,Medium,
2147,C49A,20,11,28.956,109.728,135.636,Lincoln,Medium,Early maturity and broken
2146,CM174,19,11,32.004,86.868,112.776,Lincoln,Medium,
2145,PHN11,18,11,59.436,124.968,166.116,Lincoln,Medium,
1160,KI14,17,11,155.448,205.74,234.696,Lincoln,Medium,Late maturuty
1159,SC357,16,11,91.44,192.024,231.648,Lincoln,Medium,
1158,[WHITE VARIEGATED (ISO. FROM BM4 AC3252) (B73-1)],15,11,74.676,170.688,204.216,Lincoln,Medium,
1157,K4,14,11,112.776,207.264,242.316,Lincoln,Medium,
1156,B73HTRHM,13,11,106.68,202.692,245.364,Lincoln,Medium,
1155,LH208,12,11,100.584,182.88,228.6,Lincoln,Medium,
1154,NC258,11,11,79.248,172.212,207.264,Lincoln,Medium,
1153,CML69,10,11,112.776,176.784,208.788,Lincoln,Medium,
1152,MS71,9,11,65.532,170.688,211.836,Lincoln,Medium,
1151,B73,8,11,74.676,172.212,213.36,Lincoln,Medium,
1150,R168,7,11,77.724,178.308,230.124,Lincoln,Medium,
1149,B73,6,11,44.196,138.684,178.308,Lincoln,Medium,
1148,A661,5,11,68.58,143.256,178.308,Lincoln,Medium,
1147,CML311,4,11,,,,Lincoln,Medium,Empty plot
1146,NC320,3,11,96.012,164.592,202.692,Lincoln,Medium,
1145,B73,2,11,41.148,132.588,170.688,Lincoln,Medium,
1161,NC250,2,12,67.056,164.592,204.216,Lincoln,Medium,
1162,OH7B,3,12,59.436,153.924,210.312,Lincoln,Medium,
1163,NC294,4,12,60.96,150.876,184.404,Lincoln,Medium,
1164,4676A,5,12,71.628,184.404,230.124,Lincoln,Medium,
1165,5707,6,12,65.532,153.924,201.168,Lincoln,Medium,
1166,TZI11,7,12,102.108,184.404,222.504,Lincoln,Medium,
1167,TZI16,8,12,114.3,175.26,124.968,Lincoln,Medium,
1168,MO24W,9,12,102.108,195.072,242.316,Lincoln,Medium,
1169,CML108,10,12,106.68,192.024,225.552,Lincoln,Medium,
1170,MO45,11,12,103.632,178.308,211.836,Lincoln,Medium,
1171,A641,12,12,45.72,88.392,135.636,Lincoln,Medium,
1172,F2834T,13,12,120.396,211.836,265.176,Lincoln,Medium,
1173,KY226,14,12,100.584,185.928,228.6,Lincoln,Medium,
1174,CML10,15,12,156.972,231.648,271.272,Lincoln,Medium,
1175,L317,16,12,135.636,227.076,252.984,Lincoln,Medium,Barren
1176,CML52,17,12,149.352,201.168,228.6,Lincoln,Medium,
2161,LH85,18,12,56.388,141.732,182.88,Lincoln,Medium,
2162,LH51,19,12,73.152,146.304,199.644,Lincoln,Medium,
2163,B79,20,12,83.82,141.732,172.212,Lincoln,Medium,
2164,BO9,21,12,53.34,135.636,178.308,Lincoln,Medium,Early maturity and broken
2165,B73,22,12,94.488,181.356,213.36,Lincoln,Medium,
2166,IL14H,23,12,65.532,163.068,204.216,Lincoln,Medium,
2167,B73,24,12,85.344,178.308,213.36,Lincoln,Medium,
2168,B73,25,12,82.296,164.592,202.692,Lincoln,Medium,
2169,PHV63,26,12,45.72,129.54,172.212,Lincoln,Medium,
2170,B73,27,12,99.06,184.404,128.016,Lincoln,Medium,
2171,CI31A,28,12,89.916,137.16,166.116,Lincoln,Medium,
2172,CR1HT,29,12,51.816,135.636,173.736,Lincoln,Medium,
2173,B57,30,12,71.628,140.208,178.308,Lincoln,Medium,
2174,CI90C,31,12,76.2,129.54,167.64,Lincoln,Medium,
2175,MBST,32,12,33.528,131.064,176.784,Lincoln,Medium,
2176,DE1,33,12,79.248,143.256,185.928,Lincoln,Medium,
2192,807,33,13,65.532,150.876,188.976,Lincoln,Medium,Early maturity and broken
2191,NC340,32,13,42.672,123.444,163.068,Lincoln,Medium,Early maturity and broken
2190,W182B,31,13,30.48,115.824,155.448,Lincoln,Medium,Early maturity and broken
2189,CML247,30,13,83.82,129.54,163.068,Lincoln,Medium,
2188,CI91B,29,13,57.912,106.68,141.732,Lincoln,Medium,
2187,CO125,28,13,51.816,135.636,169.164,Lincoln,Medium,
2186,IDS91,27,13,73.152,141.732,172.212,Lincoln,Medium,
2185,A635,26,13,30.48,109.728,140.208,Lincoln,Medium,Early maturity and broken
2184,LH38,25,13,33.528,105.156,140.208,Lincoln,Medium,
2183,VA59,24,13,33.528,121.92,158.496,Lincoln,Medium,
2182,NC310,23,13,71.628,153.924,184.404,Lincoln,Medium,
2181,H95,22,13,51.816,149.352,185.928,Lincoln,Medium,
2180,LH183,21,13,64.008,152.4,199.644,Lincoln,Medium,
2179,C103,20,13,59.436,150.876,195.072,Lincoln,Medium,
2178,CO255,19,13,67.056,144.78,179.832,Lincoln,Medium,Early maturity and broken
2177,6F629,18,13,54.864,166.116,204.216,Lincoln,Medium,
1192,B75,17,13,77.724,152.4,192.024,Lincoln,Medium,
1191,PHR36,16,13,57.912,152.4,176.784,Lincoln,Medium,
1190,L578,15,13,111.252,184.404,219.456,Lincoln,Medium,
1189,B73,14,13,83.82,153.924,188.976,Lincoln,Medium,
1188,CML287,13,13,138.684,217.932,249.936,Lincoln,Medium,
1187,KUI2021,12,13,156.972,193.548,214.884,Lincoln,Medium,
1186,CML92,11,13,103.632,199.644,237.744,Lincoln,Medium,
1185,CI.7,10,13,126.492,231.648,274.32,Lincoln,Medium,
1184,NC33,9,13,128.016,220.98,268.224,Lincoln,Medium,
1183,A6,8,13,,164.592,184.404,Lincoln,Medium,
1182,CML331,7,13,128.016,196.596,236.22,Lincoln,Medium,
1181,A441-5,6,13,106.68,208.788,243.84,Lincoln,Medium,
1180,CML261,5,13,128.016,205.74,239.268,Lincoln,Medium,
1179,CML157Q,4,13,35.052,124.968,176.784,Lincoln,Medium,Early maturity and broken
1178,38-11,3,13,83.82,155.448,187.452,Lincoln,Medium,
1177,TZI18,2,13,71.628,129.54,169.164,Lincoln,Medium,
1193,CML321,2,14,106.68,173.736,207.264,Lincoln,Medium,
1194,NC318,3,14,70.104,149.352,181.356,Lincoln,Medium,
1195,TX601,4,14,128.016,213.36,248.412,Lincoln,Medium,
1196,R109B,5,14,108.204,208.788,249.936,Lincoln,Medium,
1197,SG18,6,14,85.344,156.972,198.12,Lincoln,Medium,
1198,B73,7,14,105.156,185.928,210.312,Lincoln,Medium,
1199,4226,8,14,89.916,167.64,205.74,Lincoln,Medium,
1200,TX303,9,14,124.968,188.976,230.124,Lincoln,Medium,
1201,B73,10,14,89.916,190.5,227.076,Lincoln,Medium,
1202,TZI9,11,14,106.68,195.072,230.124,Lincoln,Medium,
1203,FBLA,12,14,67.056,166.116,195.072,Lincoln,Medium,
1204,ICI 740,13,14,64.008,140.208,196.596,Lincoln,Medium,
1205,OH43E,14,14,53.34,132.588,173.736,Lincoln,Medium,
1206,B84,15,14,86.868,149.352,181.356,Lincoln,Medium,
1207,PA875,16,14,80.772,143.256,169.164,Lincoln,Medium,
1208,B73,17,14,76.2,143.256,175.26,Lincoln,Medium,
2193,NC314,18,14,56.388,131.064,176.784,Lincoln,Medium,
2194,B104,19,14,54.864,146.304,181.356,Lincoln,Medium,
2195,MS1334,20,14,24.384,96.012,143.256,Lincoln,Medium,Early maturity and broken
2196,AQA3,21,14,28.956,109.728,135.636,Lincoln,Medium,Early maturity and broken
2197,A634,22,14,54.864,124.968,149.352,Lincoln,Medium,
2198,78004,23,14,64.008,141.732,178.308,Lincoln,Medium,
2199,OH40B,24,14,73.152,144.78,182.88,Lincoln,Medium,
2200,207,25,14,57.912,112.776,149.352,Lincoln,Medium,
2201,CM105,26,14,47.244,92.964,117.348,Lincoln,Medium,Early maturity and broken
2202,NS501,27,14,60.96,128.016,160.02,Lincoln,Medium,
2203,VA102,28,14,60.96,155.448,196.596,Lincoln,Medium,
2204,NC296,29,14,80.772,152.4,188.976,Lincoln,Medium,
2205,B64,30,14,83.82,155.448,204.216,Lincoln,Medium,
2206,MDF-13D,31,14,65.532,155.448,199.644,Lincoln,Medium,
2207,2MA22,32,14,38.1,137.16,176.784,Lincoln,Medium,
2208,[WHITE VARIEGATED (ISO. FROM BM4 AC3252) (B73-1)],33,14,79.248,155.448,187.452,Lincoln,Medium,
2224,KUI44,33,15,94.488,161.544,195.072,Lincoln,Medium,
2223,N192,32,15,56.388,129.54,161.544,Lincoln,Medium,
2222,H105W,31,15,102.108,161.544,202.692,Lincoln,Medium,
2221,PHG35,30,15,76.2,146.304,199.644,Lincoln,Medium,
2220,IL677A,29,15,48.768,152.4,185.928,Lincoln,Medium,
2219,A659,28,15,44.196,140.208,178.308,Lincoln,Medium,
2218,B73,27,15,76.2,166.116,204.216,Lincoln,Medium,
2217,IA5125,26,15,47.244,121.92,155.448,Lincoln,Medium,Early maturity and broken
2216,CML38,25,15,102.108,140.208,172.212,Lincoln,Medium,
2215,A679,24,15,57.912,155.448,199.644,Lincoln,Medium,
2214,OH43,23,15,51.816,140.208,185.928,Lincoln,Medium,
2213,NC264,22,15,53.34,137.16,181.356,Lincoln,Medium,
2212,PHG71,21,15,54.864,124.968,156.972,Lincoln,Medium,
2211,K55,20,15,47.244,137.16,170.688,Lincoln,Medium,
2210,N6,19,15,47.244,129.54,164.592,Lincoln,Medium,
2209,764,18,15,36.576,105.156,152.4,Lincoln,Medium,
1224,POP-N-EAT,17,15,79.248,164.592,208.788,Lincoln,Medium,
1223,HBA1,16,15,57.912,147.828,195.072,Lincoln,Medium,
1222,B73,15,15,86.868,167.64,201.168,Lincoln,Medium,
1221,B73,14,15,91.44,163.068,201.168,Lincoln,Medium,
1220,B73,13,15,82.296,164.592,199.644,Lincoln,Medium,
1219,HY,12,15,89.916,158.496,199.644,Lincoln,Medium,Barren
1218,B109,11,15,79.248,156.972,195.072,Lincoln,Medium,
1217,E2558W,10,15,91.44,184.404,227.076,Lincoln,Medium,
1216,PHH93,9,15,88.392,144.78,181.356,Lincoln,Medium,
1215,FR19,8,15,59.436,138.684,185.928,Lincoln,Medium,
1214,LP1 NR HT,7,15,70.104,156.972,198.12,Lincoln,Medium,
1213,NC336,6,15,99.06,155.448,144.78,Lincoln,Medium,
1212,NQ508,5,15,80.772,156.972,199.644,Lincoln,Medium,
1211,CI64,4,15,60.96,129.54,185.928,Lincoln,Medium,Lodged
1210,PHWG5,3,15,86.868,149.352,188.976,Lincoln,Medium,
1209,S8326,2,15,76.2,170.688,208.788,Lincoln,Medium,
1225,B52,2,16,76.2,140.208,178.308,Lincoln,Medium,
1226,B2,3,16,79.248,160.02,204.216,Lincoln,Medium,
1227,B76,4,16,54.864,149.352,192.024,Lincoln,Medium,
1228,B73,5,16,82.296,175.26,210.312,Lincoln,Medium,
1229,LH39,6,16,47.244,146.304,188.976,Lincoln,Medium,
1230,CML322,7,16,96.012,141.732,172.212,Lincoln,Medium,
1231,MO1W,8,16,65.532,164.592,201.168,Lincoln,Medium,
1232,HP301,9,16,80.772,146.304,179.832,Lincoln,Medium,
1233,PHW43,10,16,30.48,137.16,185.928,Lincoln,Medium,
1234,T232,11,16,74.676,146.304,182.88,Lincoln,Medium,
1235,B73,12,16,89.916,915.924,198.12,Lincoln,Medium,
1236,B68,13,16,74.676,161.544,205.74,Lincoln,Medium,
1237,N7A,14,16,54.864,156.972,185.928,Lincoln,Medium,
1238,R4,15,16,59.436,147.828,185.928,Lincoln,Medium,
1239,R177,16,16,53.34,160.02,201.168,Lincoln,Medium,
1240,DE811,17,16,79.248,169.164,211.836,Lincoln,Medium,
2225,PHG50,18,16,48.768,129.54,169.164,Lincoln,Medium,
2226,ZS365,19,16,50.292,137.16,164.592,Lincoln,Medium,
2227,NC362,20,16,47.244,123.444,163.068,Lincoln,Medium,
2228,B73,21,16,94.488,152.4,185.928,Lincoln,Medium,
2229,3IIH6,22,16,59.436,144.78,185.928,Lincoln,Medium,
2230,PHG72,23,16,59.436,131.064,173.736,Lincoln,Medium,
2231,CML323,24,16,71.628,140.208,182.88,Lincoln,Medium,
2232,LP5,25,16,62.484,137.16,173.736,Lincoln,Medium,
2233,CMV3,26,16,32.004,108.204,144.78,Lincoln,Medium,Early maturity and broken
2234,793,27,16,50.292,129.54,169.164,Lincoln,Medium,
2235,N28HT,28,16,64.008,156.972,193.548,Lincoln,Medium,
2236,PHJ40,29,16,36.576,103.632,135.636,Lincoln,Medium,
2237,B73,30,16,82.296,166.116,202.692,Lincoln,Medium,
2238,SD44,31,16,42.672,129.54,163.068,Lincoln,Medium,
2239,VA22,32,16,53.34,141.732,185.928,Lincoln,Medium,
2240,LH145,33,16,30.48,106.68,135.636,Lincoln,Medium,Early maturity and broken
2256,PA762,33,17,42.672,121.92,173.736,Lincoln,Medium,
2255,A619,32,17,30.48,134.112,172.212,Lincoln,Medium,
2254,B73,31,17,80.772,170.688,208.788,Lincoln,Medium,
2253,CML238,30,17,97.536,143.256,179.832,Lincoln,Medium,
2252,K148,29,17,50.292,166.116,204.216,Lincoln,Medium,
2251,NC238,28,17,86.868,187.452,220.98,Lincoln,Medium,
2250,PHK76,27,17,56.388,126.492,163.068,Lincoln,Medium,
2249,B73,26,17,94.488,164.592,202.692,Lincoln,Medium,
2248,792,25,17,53.34,156.972,199.644,Lincoln,Medium,
2247,NC236,24,17,109.728,196.596,240.792,Lincoln,Medium,
2246,LH93,23,17,99.06,146.304,185.928,Lincoln,Medium,
2245,Q381,22,17,50.292,128.016,167.64,Lincoln,Medium,
2244,VA99,21,17,57.912,137.16,243.84,Lincoln,Medium,
2243,A554,20,17,48.768,115.824,147.828,Lincoln,Medium,Early maturity and broken
2242,CH9,19,17,38.1,137.16,179.832,Lincoln,Medium,
2241,ND246,18,17,47.244,106.68,149.352,Lincoln,Medium,
1256,SA24,17,17,88.392,149.352,172.212,Lincoln,Medium,
1255,B77,16,17,71.628,135.636,181.356,Lincoln,Medium,
1254,LH74,15,17,65.532,160.02,196.596,Lincoln,Medium,
1253,M162W,14,17,108.204,172.212,211.836,Lincoln,Medium,
1252,H91,13,17,60.96,153.924,192.024,Lincoln,Medium,
1251,MOG,12,17,97.536,161.544,205.74,Lincoln,Medium,
1250,B73,11,17,77.724,150.876,193.548,Lincoln,Medium,
1249,VA26,10,17,62.484,175.26,219.456,Lincoln,Medium,
1248,A682,9,17,59.436,175.26,227.076,Lincoln,Medium,
1247,MO17,8,17,57.912,149.352,198.12,Lincoln,Medium,
1246,NC298,7,17,82.296,153.924,192.024,Lincoln,Medium,
1245,[WHITE VARIEGATED (ISO. FROM BM4 AC3252) (B73-1)],6,17,77.724,158.496,195.072,Lincoln,Medium,
1244,LH146HT,5,17,54.864,123.444,161.544,Lincoln,Medium,
1243,NC366,4,17,76.2,152.4,193.548,Lincoln,Medium,
1242,B73,3,17,82.296,175.26,211.836,Lincoln,Medium,
1241,CH701-30,2,17,65.532,146.304,187.452,Lincoln,Medium,
1257,NC234,2,18,59.436,147.828,193.548,Lincoln,Medium,
1258,KY21,3,18,80.772,155.448,199.644,Lincoln,Medium,
1259,B73,4,18,85.344,152.4,182.88,Lincoln,Medium,
1260,NC344,5,18,60.96,144.78,179.832,Lincoln,Medium,No ears
1261,BLACK JEWELL 85,6,18,102.108,137.16,164.592,Lincoln,Medium,
1262,E8501,7,18,39.624,141.732,185.928,Lincoln,Medium,
1263,OQ403,8,18,50.292,118.872,161.544,Lincoln,Medium,
1264,NC328,9,18,73.152,163.068,193.548,Lincoln,Medium,
1265,B73,10,18,94.488,170.688,205.74,Lincoln,Medium,
1266,TZI10,11,18,,121.92,155.448,Lincoln,Medium,No ears
1267,NC368,12,18,82.296,121.92,147.828,Lincoln,Medium,
1268,KY228,13,18,70.104,129.54,163.068,Lincoln,Medium,
1269,CML264,14,18,,150.876,190.5,Lincoln,Medium,No ears
1270,PHG83,15,18,71.628,137.16,188.976,Lincoln,Medium,
1271,I137TN,16,18,68.58,132.588,149.352,Lincoln,Medium,
1272,NC326,17,18,83.82,149.352,188.976,Lincoln,Medium,
2257,11430,18,18,50.292,121.92,164.592,Lincoln,Medium,
2258,NC232,19,18,74.676,121.92,152.4,Lincoln,Medium,
2259,H8431,20,18,42.672,123.444,160.02,Lincoln,Medium,
2260,VA14,21,18,76.2,167.64,210.312,Lincoln,Medium,
2261,VA17,22,18,68.58,160.02,201.168,Lincoln,Medium,
2262,B37,23,18,77.724,166.116,208.788,Lincoln,Medium,
2263,MOG,24,18,111.252,188.976,233.172,Lincoln,Medium,
2264,NS701,25,18,74.676,150.876,208.788,Lincoln,Medium,
2265,SEAGULL SEVENTEEN,26,18,53.34,147.828,204.216,Lincoln,Medium,
2266,CS405,27,18,53.34,160.02,192.024,Lincoln,Medium,
2267,PHH93,28,18,54.864,135.636,169.164,Lincoln,Medium,
2268,DJ7,29,18,68.58,144.78,201.168,Lincoln,Medium,
2269,B73,30,18,68.58,163.068,175.26,Lincoln,Medium,
2270,W64A,31,18,79.248,143.256,175.26,Lincoln,Medium,
2271,OH43E,32,18,39.624,128.016,169.164,Lincoln,Medium,
2272,B73,33,18,91.44,193.548,242.316,Lincoln,Medium,
2288,MO18W,33,19,102.108,179.832,225.552,Lincoln,Medium,
2287,I137TN,32,19,80.772,152.4,188.976,Lincoln,Medium,
2286,PHG84,31,19,64.008,144.78,188.976,Lincoln,Medium,
2285,A682,30,19,259.08,149.352,198.12,Lincoln,Medium,
2284,B164,29,19,67.056,152.4,196.596,Lincoln,Medium,
2283,R4,28,19,67.056,172.212,214.884,Lincoln,Medium,
2282,H49,27,19,77.724,155.448,179.832,Lincoln,Medium,
2281,CI28A,26,19,,156.972,188.976,Lincoln,Medium,no ears
2280,78551S,25,19,44.196,140.208,182.88,Lincoln,Medium,
2279,E2558W,24,19,79.248,164.592,219.456,Lincoln,Medium,
2278,NC222,23,19,76.2,161.544,207.264,Lincoln,Medium,
2277,KY21,22,19,88.392,163.068,210.312,Lincoln,Medium,
2276,NC336,21,19,91.44,149.352,187.452,Lincoln,Medium,
2275,POP-N-EAT,20,19,85.344,155.448,202.692,Lincoln,Medium,
2274,NC348,19,19,76.2,149.352,188.976,Lincoln,Medium,
2273,PB80,18,19,67.056,158.496,198.12,Lincoln,Medium,
1288,NC342,17,19,80.772,160.02,199.644,Lincoln,Medium,
1287,A632,16,19,70.104,158.496,202.692,Lincoln,Medium,
1286,PHG39,15,19,73.152,164.592,204.216,Lincoln,Medium,
1285,MBNA,14,19,54.864,167.64,213.36,Lincoln,Medium,
1284,NC358,13,19,68.58,170.688,201.168,Lincoln,Medium,
1283,2FACC,12,19,60.96,158.496,193.548,Lincoln,Medium,
1282,CS405,11,19,57.912,147.828,184.404,Lincoln,Medium,
1281,LH60,10,19,83.82,169.164,214.884,Lincoln,Medium,
1280,K64,9,19,,167.64,202.692,Lincoln,Medium,no ears
1279,F118,8,19,83.82,167.64,208.788,Lincoln,Medium,
1278,NC222,7,19,,166.116,210.312,Lincoln,Medium,no ears
1277,B73,6,19,82.296,164.592,204.216,Lincoln,Medium,
1276,NS701,5,19,77.724,144.78,179.832,Lincoln,Medium,
1275,NC352,4,19,82.296,153.924,196.596,Lincoln,Medium,
1274,B37,3,19,59.436,155.448,195.072,Lincoln,Medium,
1273,PHG84,2,19,64.008,147.828,195.072,Lincoln,Medium,
1289,H84,2,20,53.34,141.732,176.784,Lincoln,Medium,
1290,PHZ51,3,20,80.772,176.784,220.98,Lincoln,Medium,
1291,B73,4,20,74.676,169.164,213.36,Lincoln,Medium,
1292,NC338,5,20,105.156,158.496,193.548,Lincoln,Medium,
1293,PB80,6,20,62.484,144.78,184.404,Lincoln,Medium,
1294,MO18W,7,20,102.108,155.448,192.024,Lincoln,Medium,
1295,NC306,8,20,71.628,153.924,182.88,Lincoln,Medium,
1296,NC348,9,20,86.868,166.116,211.836,Lincoln,Medium,
1297,B10,10,20,86.868,131.064,169.164,Lincoln,Medium,
1298,WF9,11,20,76.2,184.404,216.408,Lincoln,Medium,
1299,CML328,12,20,126.492,172.212,202.692,Lincoln,Medium,
1300,SC213R,13,20,89.916,155.448,201.168,Lincoln,Medium,
1301,B164,14,20,59.436,166.116,207.264,Lincoln,Medium,
1302,CML61,15,20,94.488,156.972,199.644,Lincoln,Medium,
1303,B103,16,20,56.388,138.684,182.88,Lincoln,Medium,
1304,A680,17,20,97.536,173.736,217.932,Lincoln,Medium,
2289,LH39,18,20,53.34,141.732,182.88,Lincoln,Medium,
2290,CI21E,19,20,124.968,199.644,256.032,Lincoln,Medium,
2291,M162W,20,20,147.828,160.02,195.072,Lincoln,Medium,
2292,CML332,21,20,77.724,155.448,198.12,Lincoln,Medium,
2293,B10,22,20,77.724,153.924,188.976,Lincoln,Medium,
2294,B14A,23,20,60.96,152.4,192.024,Lincoln,Medium,Early maturity and broken
2295,LH146HT,24,20,50.292,121.92,161.544,Lincoln,Medium,
2296,NC368,25,20,70.104,150.876,176.784,Lincoln,Medium,
2297,HBA1,26,20,65.532,147.828,199.644,Lincoln,Medium,
2298,OQ403,27,20,54.864,140.208,179.832,Lincoln,Medium,Early maturity and broken
2299,B76,28,20,59.436,143.256,184.404,Lincoln,Medium,
2300,B109,29,20,68.58,156.972,201.168,Lincoln,Medium,
2301,B73,30,20,79.248,187.452,228.6,Lincoln,Medium,
2302,PHZ51,31,20,80.772,182.88,228.6,Lincoln,Medium,
2303,B73,32,20,86.868,207.264,213.36,Lincoln,Medium,
2304,A680,33,20,102.108,184.404,225.552,Lincoln,Medium,
2320,K64,33,21,118.872,182.88,228.6,Lincoln,Medium,
2319,B68,32,21,71.628,161.544,213.36,Lincoln,Medium,
2318,MO46,31,21,77.724,182.88,220.98,Lincoln,Medium,
2317,PHW17,30,21,56.388,144.78,182.88,Lincoln,Medium,
2316,VA26,29,21,60.96,178.308,219.456,Lincoln,Medium,
2315,CML91,28,21,77.724,150.876,188.976,Lincoln,Medium,
2314,H91,27,21,71.628,163.068,199.644,Lincoln,Medium,
2313,A632,26,21,83.82,150.876,185.928,Lincoln,Medium,
2312,PA875,25,21,83.82,160.02,199.644,Lincoln,Medium,
2311,VA85,24,21,85.344,166.116,208.788,Lincoln,Medium,
2310,PHWG5,23,21,86.868,167.64,204.216,Lincoln,Medium,
2309,SA24,22,21,,169.164,211.836,Lincoln,Medium,no ears
2308,CML328,21,21,117.348,195.072,217.932,Lincoln,Medium,
2307,B73,20,21,76.2,184.404,230.124,Lincoln,Medium,
2306,T234,19,21,91.44,167.64,205.74,Lincoln,Medium,
2305,FR19,18,21,73.152,153.924,193.548,Lincoln,Medium,
1320,PA880,17,21,82.296,179.832,217.932,Lincoln,Medium,
1319,CQ702RC,16,21,94.488,170.688,217.932,Lincoln,Medium,
1318,VA85,15,21,91.44,156.972,198.12,Lincoln,Medium,
1317,4722,14,21,92.964,155.448,188.976,Lincoln,Medium,
1316,H49,13,21,73.152,163.068,192.024,Lincoln,Medium,
1315,78371A,12,21,47.244,155.448,204.216,Lincoln,Medium,
1314,HI27,11,21,83.82,149.352,187.452,Lincoln,Medium,
1313,SG1533,10,21,103.632,147.828,179.832,Lincoln,Medium,
1312,CI28A,9,21,91.44,156.972,193.548,Lincoln,Medium,
1311,CR14,8,21,73.152,147.828,185.928,Lincoln,Medium,
1310,W64A,7,21,73.152,137.16,172.212,Lincoln,Medium,
1309,KI11,6,21,,131.064,167.64,Lincoln,Medium,no ears
1308,SEAGULL SEVENTEEN,5,21,48.768,138.684,182.88,Lincoln,Medium,
1307,PHW65,4,21,48.768,137.16,179.832,Lincoln,Medium,
1306,B97,3,21,56.388,144.78,181.356,Lincoln,Medium,
1305,CML154Q,2,21,76.2,147.828,187.452,Lincoln,Medium,
1321,CI21E,2,22,54.864,134.112,179.832,Lincoln,Medium,
1322,IDS28,3,22,111.252,160.02,188.976,Lincoln,Medium,
1323,B46,4,22,38.1,152.4,187.452,Lincoln,Medium,
1324,B73,5,22,80.772,164.592,205.74,Lincoln,Medium,
1325,MO46,6,22,65.532,181.356,202.692,Lincoln,Medium,
1326,78551S,7,22,42.672,137.16,169.164,Lincoln,Medium,
1327,B14A,8,22,65.532,140.208,176.784,Lincoln,Medium,
1328,FBHJ,9,22,42.672,173.736,217.932,Lincoln,Medium,
1329,PHW17,10,22,291.084,129.54,172.212,Lincoln,Medium,
1330,CML91,11,22,94.488,152.4,185.928,Lincoln,Medium,
1331,CML332,12,22,,134.112,175.26,Lincoln,Medium,no ears
1332,R229,13,22,120.396,149.352,187.452,Lincoln,Medium,
1333,T234,14,22,86.868,150.876,182.88,Lincoln,Medium,
1334,DJ7,15,22,65.532,193.548,207.264,Lincoln,Medium,
1335,FAPW,16,22,54.864,172.212,179.832,Lincoln,Medium,
1336,GA209,17,22,82.296,155.448,184.404,Lincoln,Medium,
2321,B103,18,22,57.912,144.78,187.452,Lincoln,Medium,
2322,SG1533,19,22,103.632,152.4,188.976,Lincoln,Medium,
2323,PA880,20,22,73.152,187.452,230.124,Lincoln,Medium,
2324,HY,21,22,79.248,170.688,214.884,Lincoln,Medium,
2325,ICI 740,22,22,71.628,149.352,193.548,Lincoln,Medium,
2326,NQ508,23,22,65.532,150.876,190.5,Lincoln,Medium,
2327,CR14,24,22,38.1,129.54,169.164,Lincoln,Medium,
2328,PHW43,25,22,85.344,156.972,190.5,Lincoln,Medium,
2329,NC306,26,22,115.824,179.832,217.932,Lincoln,Medium,
2330,NC338,27,22,73.152,167.64,211.836,Lincoln,Medium,
2331,CH701-30,28,22,88.392,170.688,208.788,Lincoln,Medium,
2332,B73,29,22,59.436,156.972,224.028,Lincoln,Medium,
2333,FBLA,30,22,102.108,178.308,225.552,Lincoln,Medium,
2334,NC352,31,22,79.248,181.356,237.744,Lincoln,Medium,
2335,B77,32,22,85.344,185.928,242.316,Lincoln,Medium,
2336,N7A,33,22,67.056,158.496,204.216,Lincoln,Medium,
2352,KI11,33,23,71.628,196.596,217.932,Lincoln,Medium,
2351,B73,32,23,89.916,179.832,207.264,Lincoln,Medium,
2350,DE811,31,23,89.916,173.736,227.076,Lincoln,Medium,
2349,KY228,30,23,77.724,170.688,207.264,Lincoln,Medium,
2348,PHW65,29,23,65.532,164.592,199.644,Lincoln,Medium,
2347,B84,28,23,97.536,152.4,201.168,Lincoln,Medium,
2346,B73,27,23,85.344,175.26,216.408,Lincoln,Medium,
2345,NC366,26,23,70.104,176.784,224.028,Lincoln,Medium,
2344,MO17,25,23,60.96,160.02,210.312,Lincoln,Medium,
2343,2FACC,24,23,48.768,149.352,190.5,Lincoln,Medium,
2342,CML61,23,23,,112.776,208.788,Lincoln,Medium,no ears
2341,FBHJ,22,23,70.104,187.452,225.552,Lincoln,Medium,
2340,NC358,21,23,137.16,167.64,201.168,Lincoln,Medium,
2339,NC328,20,23,65.532,155.448,188.976,Lincoln,Medium,
2338,PHG39,19,23,74.676,158.496,201.168,Lincoln,Medium,
2337,CML322,18,23,80.772,129.54,175.26,Lincoln,Medium,
1352,CML220,17,23,185.928,111.252,152.4,Lincoln,Medium,
1351,F7,16,23,22.86,86.868,115.824,Lincoln,Medium,Early maturity and broken
1350,NC230,15,23,68.58,109.728,144.78,Lincoln,Medium,
1349,778,14,23,70.104,144.78,181.356,Lincoln,Medium,Early maturity and broken
1348,UFMU-07868,13,23,56.388,144.78,187.452,Lincoln,Medium,
1347,W22,12,23,38.1,121.92,155.448,Lincoln,Medium,
1346,B73,11,23,71.628,150.876,195.072,Lincoln,Medium,
1345,UFMU-08805,10,23,57.912,134.112,161.544,Lincoln,Medium,
1344,B73,9,23,438.912,138.684,172.212,Lincoln,Medium,
1343,B73,8,23,67.056,140.208,181.356,Lincoln,Medium,
1342,LH54,7,23,39.624,105.156,137.16,Lincoln,Medium,
1341,IA2132,6,23,36.576,111.252,143.256,Lincoln,Medium,weeds, low stand
1340,S8324,5,23,41.148,109.728,149.352,Lincoln,Medium,
1339,H99,4,23,45.72,88.392,114.3,Lincoln,Medium,
1338,F42,3,23,32.004,123.444,160.02,Lincoln,Medium,Early maturity and broken, weeds
1337,MQ305,2,23,44.196,138.684,173.736,Lincoln,Medium,Early maturity and weeds
1353,NC364,2,24,57.912,128.016,167.64,Lincoln,Medium,
1354,A188,3,24,36.576,108.204,131.064,Lincoln,Medium,Early maturity and broken
1355,78010,4,24,50.292,124.968,160.02,Lincoln,Medium,
1356,PHG47,5,24,32.004,108.204,152.4,Lincoln,Medium,
1357,[WHITE VARIEGATED (ISO. FROM BM4 AC3252) (B73-1)],6,24,57.912,129.54,160.02,Lincoln,Medium,
1358,UFMU-08808,7,24,67.056,135.636,169.164,Lincoln,Medium,
1359,I29,8,24,41.148,94.488,138.684,Lincoln,Medium,Early maturity and broken
1360,CM7,9,24,39.624,105.156,143.256,Lincoln,Medium,Early maturity and broken
1361,EP1,10,24,36.576,100.584,124.968,Lincoln,Medium,Early maturity and broken
1362,W153R,11,24,44.196,71.628,91.44,Lincoln,Medium,Early maturity and broken
1363,B73,12,24,80.772,170.688,211.836,Lincoln,Medium,
1364,UFMU-10402,13,24,70.104,140.208,179.832,Lincoln,Medium,
1365,IL101,14,24,21.336,99.06,132.588,Lincoln,Medium,
1366,IDS69,15,24,57.912,117.348,150.876,Lincoln,Medium,
1367,UFMU-11445,16,24,54.864,131.064,163.068,Lincoln,Medium,
1368,L127,17,24,45.72,108.204,140.208,Lincoln,Medium,
2353,NC342,18,24,74.676,146.304,178.308,Lincoln,Medium,
2354,MBNA,19,24,53.34,153.924,199.644,Lincoln,Medium,
2355,CML264,20,24,,164.592,202.692,Lincoln,Medium,no ears
2356,B73,21,24,85.344,163.068,201.168,Lincoln,Medium,
2357,R177,22,24,45.72,169.164,213.36,Lincoln,Medium,
2358,PHG83,23,24,65.532,137.16,188.976,Lincoln,Medium,
2359,HI27,24,24,89.916,146.304,188.976,Lincoln,Medium,
2360,LP1 NR HT,25,24,54.864,143.256,178.308,Lincoln,Medium,
2361,CI64,26,24,74.676,156.972,205.74,Lincoln,Medium,
2362,SC213R,27,24,97.536,169.164,202.692,Lincoln,Medium,
2363,CQ702RC,28,24,105.156,153.924,205.74,Lincoln,Medium,
2364,GA209,29,24,96.012,182.88,239.268,Lincoln,Medium,
2365,IDS28,30,24,102.108,163.068,192.024,Lincoln,Medium,
2366,R229,31,24,88.392,163.068,201.168,Lincoln,Medium,
2367,BLACK JEWELL 85,32,24,108.204,167.64,196.596,Lincoln,Medium,
2368,B46,33,24,86.868,182.88,224.028,Lincoln,Medium,
2384,MQ305,33,25,64.008,152.4,190.5,Lincoln,Medium,
2383,WF9,32,25,73.152,167.64,205.74,Lincoln,Medium,
2382,NC326,31,25,100.584,179.832,220.98,Lincoln,Medium,
2381,B2,30,25,76.2,178.308,224.028,Lincoln,Medium,
2380,B97,29,25,70.104,176.784,217.932,Lincoln,Medium,
2379,FAPW,28,25,62.484,149.352,192.024,Lincoln,Medium,
2378,78371A,27,25,65.532,178.308,224.028,Lincoln,Medium,
2377,H84,26,25,53.34,150.876,184.404,Lincoln,Medium,
2376,NC234,25,25,,144.78,134.112,Lincoln,Medium,
2375,B73,24,25,82.296,172.212,150.876,Lincoln,Medium,
2374,LH74,23,25,92.964,179.832,239.268,Lincoln,Medium,
2373,B73,22,25,74.676,182.88,227.076,Lincoln,Medium,
2372,NC298,21,25,80.772,149.352,188.976,Lincoln,Medium,
2371,E8501,20,25,33.528,146.304,190.5,Lincoln,Medium,
2370,HP301,19,25,91.44,152.4,182.88,Lincoln,Medium,
2369,NC344,18,25,68.58,167.64,204.216,Lincoln,Medium,
1384,RS 710,17,25,25.908,86.868,108.204,Lincoln,Medium,
1383,UFMU-07581,16,25,59.436,118.872,146.304,Lincoln,Medium,
1382,NC262,15,25,30.48,111.252,149.352,Lincoln,Medium,
1381,LH1,14,25,45.72,108.204,149.352,Lincoln,Medium,
1380,W117HT,13,25,39.624,96.012,129.54,Lincoln,Medium,
1379,NC360,12,25,36.576,88.392,146.304,Lincoln,Medium,
1378,W22 R1-R,11,25,73.152,137.16,169.164,Lincoln,Medium,
1377,UFMU-02421,10,25,45.72,111.252,140.208,Lincoln,Medium,
1376,A556,9,25,38.1,82.296,118.872,Lincoln,Medium,
1375,CO106,8,25,35.052,97.536,124.968,Lincoln,Medium,
1374,CI187-2,7,25,53.34,105.156,135.636,Lincoln,Medium,
1373,UFMU-05595,6,25,65.532,103.632,124.968,Lincoln,Medium,
1372,A654,5,25,68.58,129.54,170.688,Lincoln,Medium,
1371,29MIBZ2,4,25,41.148,108.204,144.78,Lincoln,Medium,
1370,CI66,3,25,47.244,102.108,135.636,Lincoln,Medium,
1369,UFMU-08594,2,25,68.58,111.252,120.396,Lincoln,Medium,
1385,B73,2,26,56.388,111.252,138.684,Lincoln,Medium,
1386,CM37,3,26,18.288,102.108,132.588,Lincoln,Medium,
1387,NC346,4,26,73.152,121.92,160.02,Lincoln,Medium,
1388,P39,5,26,16.764,74.676,109.728,Lincoln,Medium,
1389,YU796_NS,6,26,50.292,123.444,163.068,Lincoln,Medium,
1390,MO47,7,26,30.48,115.824,153.924,Lincoln,Medium,
1391,B73,8,26,65.532,152.4,187.452,Lincoln,Medium,
1392,NC302,9,26,53.34,65.532,132.588,Lincoln,Medium,Barren
1393,LH57,10,26,33.528,114.3,147.828,Lincoln,Medium,
1394,779,11,26,47.244,108.204,135.636,Lincoln,Medium,Early maturity and broken
1395,MT42,12,26,56.388,96.012,121.92,Lincoln,Medium,Early maturity and broken
1396,NC290A,13,26,50.292,109.728,149.352,Lincoln,Medium,
1397,PIONEER P1185AM,14,26,64.008,152.4,185.928,Lincoln,Medium,
1398,PIONEER P1185AM,15,26,68.58,166.116,173.736,Lincoln,Medium,
1399,PIONEER P1185AM,16,26,70.104,166.116,214.884,Lincoln,Medium,
1400,PIONEER P1185AM,17,26,71.628,170.688,222.504,Lincoln,Medium,
2385,S8326,18,26,94.488,178.308,220.98,Lincoln,Medium,
2386,B73,19,26,92.964,167.64,210.312,Lincoln,Medium,
2387,F118,20,26,89.916,163.068,196.596,Lincoln,Medium,
2388,CML154Q,21,26,76.2,155.448,192.024,Lincoln,Medium,
2389,B73,22,26,86.868,176.784,207.264,Lincoln,Medium,
2390,B52,23,26,102.108,182.88,214.884,Lincoln,Medium,
2391,TZI10,24,26,,137.16,164.592,Lincoln,Medium,
2392,LH60,25,26,83.82,164.592,202.692,Lincoln,Medium,
2393,4722,26,26,102.108,166.116,201.168,Lincoln,Medium,
2394,T232,27,26,86.868,170.688,207.264,Lincoln,Medium,
2395,[WHITE VARIEGATED (ISO. FROM BM4 AC3252) (B73-1)],28,26,83.82,167.64,198.12,Lincoln,Medium,
2396,MO1W,29,26,79.248,169.164,210.312,Lincoln,Medium,
2397,PIONEER P1185AM,30,26,76.2,182.88,228.6,Lincoln,Medium,
2398,PIONEER P1185AM,31,26,83.82,182.88,230.124,Lincoln,Medium,
2399,PIONEER P1185AM,32,26,70.104,175.26,216.408,Lincoln,Medium,
2400,PIONEER P1185AM,33,26,80.772,182.88,219.456,Lincoln,Medium,
