date,maxTemp,minTemp,location,GDD,lat,lon,tmin,tmax
2024-06-05,90,61.4,Lincoln,23.7,NA,NA,NA,NA
2024-06-06,84.4,56.6,Lincoln,20.5,NA,NA,NA,NA
2024-06-07,93.1,53,Lincoln,19.5,NA,NA,NA,NA
2024-06-08,78.6,61.8,Lincoln,20.2,NA,NA,NA,NA
2024-06-09,83.7,57.1,Lincoln,20.4,NA,NA,NA,NA
2024-06-10,86.6,52.1,Lincoln,19.05,NA,NA,NA,NA
2024-06-11,92.7,62.2,Lincoln,24.1,NA,NA,NA,NA
2024-06-12,94.2,71.8,Lincoln,28.9,NA,NA,NA,NA
2024-06-13,90.9,72.4,Lincoln,29.2,NA,NA,NA,NA
2024-06-14,92.6,59.3,Lincoln,22.65,NA,NA,NA,NA
2024-06-15,83.3,66.6,Lincoln,24.95,NA,NA,NA,NA
2024-06-16,90.6,72.4,Lincoln,29.2,NA,NA,NA,NA
2024-06-17,90.1,67.1,Lincoln,26.55,NA,NA,NA,NA
2024-06-18,89.5,64.5,Lincoln,25.25,NA,NA,NA,NA
2024-06-19,75.1,63.6,Lincoln,19.35,NA,NA,NA,NA
2024-06-20,88.4,64.3,Lincoln,25.15,NA,NA,NA,NA
2024-06-21,90.9,71.4,Lincoln,28.7,NA,NA,NA,NA
2024-06-22,89.3,65.5,Lincoln,25.75,NA,NA,NA,NA
2024-06-23,91.7,59.3,Lincoln,22.65,NA,NA,NA,NA
2024-06-24,101.7,68.3,Lincoln,27.15,NA,NA,NA,NA
2024-06-25,99.9,73.2,Lincoln,29.6,NA,NA,NA,NA
2024-06-26,88.7,66.6,Lincoln,26.3,NA,NA,NA,NA
2024-06-27,80.3,64.6,Lincoln,22.45,NA,NA,NA,NA
2024-06-28,90.6,70,Lincoln,28,NA,NA,NA,NA
2024-06-29,80.8,57.5,Lincoln,19.15,NA,NA,NA,NA
2024-06-30,80.2,51.7,Lincoln,15.95,NA,NA,NA,NA
2024-07-01,77.6,60,Lincoln,18.8,NA,NA,NA,NA
2024-07-02,81.8,63.1,Lincoln,22.45,NA,NA,NA,NA
2024-07-03,83.8,56.3,Lincoln,20.05,NA,NA,NA,NA
2024-07-04,82,63.6,Lincoln,22.8,NA,NA,NA,NA
2024-07-05,81.6,59.6,Lincoln,20.6,NA,NA,NA,NA
2024-07-06,86.4,57.7,Lincoln,21.85,NA,NA,NA,NA
2024-07-07,84.6,59.3,Lincoln,21.95,NA,NA,NA,NA
2024-07-08,84.7,54.9,Lincoln,19.8,NA,NA,NA,NA
2024-07-09,86.9,58.1,Lincoln,22.05,NA,NA,NA,NA
2024-07-10,89.7,60.4,Lincoln,23.2,NA,NA,NA,NA
2024-07-11,86.5,58,Lincoln,22,NA,NA,NA,NA
2024-07-12,89.8,61.4,Lincoln,23.7,NA,NA,NA,NA
2024-07-13,92.7,71.4,Lincoln,28.7,NA,NA,NA,NA
2024-07-14,98.8,66.3,Lincoln,26.15,NA,NA,NA,NA
2024-07-15,99.3,69.8,Lincoln,27.9,NA,NA,NA,NA
2024-07-16,84.8,63.9,Lincoln,24.35,NA,NA,NA,NA
2024-07-17,85.4,59.7,Lincoln,22.55,NA,NA,NA,NA
2024-07-18,86.5,54.1,Lincoln,20.05,NA,NA,NA,NA
2024-07-19,83.8,58.5,Lincoln,21.15,NA,NA,NA,NA
2024-07-20,76,64.7,Lincoln,20.35,NA,NA,NA,NA
2024-07-21,83.2,59.2,Lincoln,21.2,NA,NA,NA,NA
2024-07-22,87.8,59.2,Lincoln,22.6,NA,NA,NA,NA
2024-07-23,90.9,59.4,Lincoln,22.7,NA,NA,NA,NA
2024-07-24,94.5,59.5,Lincoln,22.75,NA,NA,NA,NA
2024-07-25,94.5,62.9,Lincoln,24.45,NA,NA,NA,NA
2024-07-26,94.3,68,Lincoln,27,NA,NA,NA,NA
2024-07-27,91.5,67.4,Lincoln,26.7,NA,NA,NA,NA
2024-07-28,89.6,67.3,Lincoln,26.65,NA,NA,NA,NA
2024-07-29,96.6,66.3,Lincoln,26.15,NA,NA,NA,NA
2024-07-30,94.3,69.3,Lincoln,27.65,NA,NA,NA,NA
2024-07-31,100.9,66.7,Lincoln,26.35,NA,NA,NA,NA
2024-08-01,90.3,63.1,Lincoln,24.55,NA,NA,NA,NA
2024-08-02,92.9,63.1,Lincoln,24.55,NA,NA,NA,NA
2024-08-03,97,63.3,Lincoln,24.65,NA,NA,NA,NA
2024-08-04,99.4,71.6,Lincoln,28.8,NA,NA,NA,NA
2024-08-05,100,73.6,Lincoln,29.8,NA,NA,NA,NA
2024-08-06,74.4,58,Lincoln,16.2,NA,NA,NA,NA
2024-08-07,88.4,53.4,Lincoln,19.7,NA,NA,NA,NA
2024-08-08,76.9,53,Lincoln,14.95,NA,NA,NA,NA
2024-08-09,77.3,51.4,Lincoln,14.35,NA,NA,NA,NA
2024-08-10,79.6,51.4,Lincoln,15.5,NA,NA,NA,NA
2024-08-11,73.1,53.9,Lincoln,13.5,NA,NA,NA,NA
2024-08-12,77,60.4,Lincoln,18.7,NA,NA,NA,NA
2024-08-13,79.8,63.3,Lincoln,21.55,NA,NA,NA,NA
2024-08-14,87.6,67.4,Lincoln,26.7,NA,NA,NA,NA
2024-08-15,89.8,65.5,Lincoln,25.75,NA,NA,NA,NA
2024-08-16,92.6,62.1,Lincoln,24.05,NA,NA,NA,NA
2024-08-17,86.2,62.3,Lincoln,24.15,NA,NA,NA,NA
2024-08-18,71.8,59.4,Lincoln,15.6,NA,NA,NA,NA
2024-08-19,85.6,60.7,Lincoln,23.15,NA,NA,NA,NA
2024-08-20,79.5,60,Lincoln,19.75,NA,NA,NA,NA
2024-08-21,82.2,63.3,Lincoln,22.75,NA,NA,NA,NA
2024-08-22,81.2,60.3,Lincoln,20.75,NA,NA,NA,NA
2024-08-23,87.9,61.6,Lincoln,23.8,NA,NA,NA,NA
2024-08-24,92.9,67.7,Lincoln,26.85,NA,NA,NA,NA
2024-08-25,105.3,69,Lincoln,27.5,NA,NA,NA,NA
2024-08-26,104.2,68.1,Lincoln,27.05,NA,NA,NA,NA
2024-08-27,95.7,67.4,Lincoln,26.7,NA,NA,NA,NA
2024-08-28,98.4,67,Lincoln,26.5,NA,NA,NA,NA
2024-08-29,98.9,69.2,Lincoln,27.6,NA,NA,NA,NA
2024-08-30,83.8,53.9,Lincoln,18.85,NA,NA,NA,NA
2024-08-31,92,47.7,Lincoln,18,NA,NA,NA,NA
2024-09-01,82.4,50,Lincoln,16.2,NA,NA,NA,NA
2024-09-02,83.3,42.7,Lincoln,16.65,NA,NA,NA,NA
2024-09-03,87.6,49.8,Lincoln,18,NA,NA,NA,NA
2024-09-04,95.3,55.7,Lincoln,20.85,NA,NA,NA,NA
2024-09-05,82.5,60.3,Lincoln,21.4,NA,NA,NA,NA
2024-09-06,72.8,43.3,Lincoln,11.4,NA,NA,NA,NA
2024-09-07,81.5,37.6,Lincoln,15.75,NA,NA,NA,NA
2024-09-08,84.7,43,Lincoln,17.35,NA,NA,NA,NA
2024-09-09,92.4,52.2,Lincoln,19.1,NA,NA,NA,NA
2024-09-10,98.4,67.4,Lincoln,26.7,NA,NA,NA,NA
2024-09-11,92.6,56.1,Lincoln,21.05,NA,NA,NA,NA
2024-09-12,90,58.6,Lincoln,22.3,NA,NA,NA,NA
2024-09-13,91,48.7,Lincoln,18,NA,NA,NA,NA
2024-09-14,86.9,54.8,Lincoln,20.4,NA,NA,NA,NA
2024-09-15,93.9,63.1,Lincoln,24.55,NA,NA,NA,NA
2024-09-16,91.1,62.1,Lincoln,24.05,NA,NA,NA,NA
2024-09-17,89.4,68.3,Lincoln,27.15,NA,NA,NA,NA
2024-09-18,93.8,64.4,Lincoln,25.2,NA,NA,NA,NA
2024-09-19,95.5,57.2,Lincoln,21.6,NA,NA,NA,NA
2024-09-20,96.5,50.6,Lincoln,18.3,NA,NA,NA,NA
2024-09-21,93.9,61.8,Lincoln,23.9,NA,NA,NA,NA
2024-09-22,70.1,53.4,Lincoln,11.75,NA,NA,NA,NA
2024-09-23,78.1,47.3,Lincoln,14.05,NA,NA,NA,NA
2024-09-24,80.6,46.2,Lincoln,15.3,NA,NA,NA,NA
2024-09-25,86.6,42.2,Lincoln,18,NA,NA,NA,NA
2024-09-26,100.6,41.9,Lincoln,18,NA,NA,NA,NA
2024-06-10,82.7,66.5,Clearwater,24.6,NA,NA,NA,NA
2024-06-11,87.8,60.9,Clearwater,23.45,NA,NA,NA,NA
2024-06-12,94.3,66.1,Clearwater,26.05,NA,NA,NA,NA
2024-06-13,85.8,59.9,Clearwater,22.85,NA,NA,NA,NA
2024-06-14,84.3,52.8,Clearwater,18.55,NA,NA,NA,NA
2024-06-15,85.2,63.2,Clearwater,24.2,NA,NA,NA,NA
2024-06-16,83.4,68.6,Clearwater,26,NA,NA,NA,NA
2024-06-17,84.4,61.2,Clearwater,22.8,NA,NA,NA,NA
2024-06-18,80.7,60.3,Clearwater,20.5,NA,NA,NA,NA
2024-06-19,73.5,56.9,Clearwater,15.2,NA,NA,NA,NA
2024-06-20,80.6,61.7,Clearwater,21.15,NA,NA,NA,NA
2024-06-21,88,64.9,Clearwater,25.45,NA,NA,NA,NA
2024-06-22,82,63.8,Clearwater,22.9,NA,NA,NA,NA
2024-06-23,91.5,56.5,Clearwater,21.25,NA,NA,NA,NA
2024-06-24,98,69.2,Clearwater,27.6,NA,NA,NA,NA
2024-06-25,90.8,70,Clearwater,28,NA,NA,NA,NA
2024-06-26,84.1,65,Clearwater,24.55,NA,NA,NA,NA
2024-06-27,81.4,65.4,Clearwater,23.4,NA,NA,NA,NA
2024-06-28,84.1,67.1,Clearwater,25.6,NA,NA,NA,NA
2024-06-29,72.8,54.1,Clearwater,13.45,NA,NA,NA,NA
2024-06-30,77.6,48.9,Clearwater,13.8,NA,NA,NA,NA
2024-07-01,71,60.5,Clearwater,15.75,NA,NA,NA,NA
2024-07-02,81.4,59.1,Clearwater,20.25,NA,NA,NA,NA
2024-07-03,85.4,54.7,Clearwater,20.05,NA,NA,NA,NA
2024-07-04,77.3,58.7,Clearwater,18,NA,NA,NA,NA
2024-07-05,79.5,54.2,Clearwater,16.85,NA,NA,NA,NA
2024-07-06,76.8,53.2,Clearwater,15,NA,NA,NA,NA
2024-07-07,79,53.1,Clearwater,16.05,NA,NA,NA,NA
2024-07-08,81.5,53.3,Clearwater,17.4,NA,NA,NA,NA
2024-07-09,88.3,54.4,Clearwater,20.2,NA,NA,NA,NA
2024-07-10,83.2,56.6,Clearwater,19.9,NA,NA,NA,NA
2024-07-11,84.4,55.7,Clearwater,20.05,NA,NA,NA,NA
2024-07-12,89.9,63.4,Clearwater,24.7,NA,NA,NA,NA
2024-07-13,95.5,65.4,Clearwater,25.7,NA,NA,NA,NA
2024-07-14,92.7,67.5,Clearwater,26.75,NA,NA,NA,NA
2024-07-15,94,64.8,Clearwater,25.4,NA,NA,NA,NA
2024-07-16,85.1,65.2,Clearwater,25.15,NA,NA,NA,NA
2024-07-17,83.7,59.3,Clearwater,21.5,NA,NA,NA,NA
2024-07-18,84.8,56.3,Clearwater,20.55,NA,NA,NA,NA
2024-07-19,77.8,63.6,Clearwater,20.7,NA,NA,NA,NA
2024-07-20,80.5,63,Clearwater,21.75,NA,NA,NA,NA
2024-07-21,82.8,58.7,Clearwater,20.75,NA,NA,NA,NA
2024-07-22,85.3,59.1,Clearwater,22.2,NA,NA,NA,NA
2024-07-23,87.3,56,Clearwater,21,NA,NA,NA,NA
2024-07-24,91.3,58.6,Clearwater,22.3,NA,NA,NA,NA
2024-07-25,92.2,68.9,Clearwater,27.45,NA,NA,NA,NA
2024-07-26,91.5,66.9,Clearwater,26.45,NA,NA,NA,NA
2024-07-27,88,66.6,Clearwater,26.3,NA,NA,NA,NA
2024-07-28,88.7,69.1,Clearwater,27.55,NA,NA,NA,NA
2024-07-29,92.9,63.9,Clearwater,24.95,NA,NA,NA,NA
2024-07-30,89.5,65.7,Clearwater,25.85,NA,NA,NA,NA
2024-07-31,88.1,65.6,Clearwater,25.8,NA,NA,NA,NA
2024-08-01,89.5,58.3,Clearwater,22.15,NA,NA,NA,NA
2024-08-02,96,56.3,Clearwater,21.15,NA,NA,NA,NA
2024-08-03,93.6,65.1,Clearwater,25.55,NA,NA,NA,NA
2024-08-04,87.3,63.9,Clearwater,24.95,NA,NA,NA,NA
2024-08-05,95.7,64.8,Clearwater,25.4,NA,NA,NA,NA
2024-08-06,77.8,60.5,Clearwater,19.15,NA,NA,NA,NA
2024-08-07,89.3,57.7,Clearwater,21.85,NA,NA,NA,NA
2024-08-08,73.7,58.1,Clearwater,15.9,NA,NA,NA,NA
2024-08-09,74.4,48.6,Clearwater,12.2,NA,NA,NA,NA
2024-08-10,75.6,47.4,Clearwater,12.8,NA,NA,NA,NA
2024-08-11,69.2,52.7,Clearwater,10.95,NA,NA,NA,NA
2024-08-12,79.8,58.6,Clearwater,19.2,NA,NA,NA,NA
2024-08-13,79.8,60,Clearwater,19.9,NA,NA,NA,NA
2024-08-14,78.6,66.6,Clearwater,22.6,NA,NA,NA,NA
2024-08-15,84.2,62.5,Clearwater,23.35,NA,NA,NA,NA
2024-08-16,86.2,54.5,Clearwater,20.25,NA,NA,NA,NA
2024-08-17,84.6,58.7,Clearwater,21.65,NA,NA,NA,NA
2024-08-18,69.8,58.3,Clearwater,14.05,NA,NA,NA,NA
2024-08-19,83.3,58.9,Clearwater,21.1,NA,NA,NA,NA
2024-08-20,75,63.2,Clearwater,19.1,NA,NA,NA,NA
2024-08-21,79.1,63.5,Clearwater,21.3,NA,NA,NA,NA
2024-08-22,81,63.8,Clearwater,22.4,NA,NA,NA,NA
2024-08-23,82.5,64.9,Clearwater,23.7,NA,NA,NA,NA
2024-08-24,90.6,66.3,Clearwater,26.15,NA,NA,NA,NA
2024-08-25,97,70.2,Clearwater,28.1,NA,NA,NA,NA
2024-08-26,98.3,67,Clearwater,26.5,NA,NA,NA,NA
2024-08-27,84.6,62.4,Clearwater,23.5,NA,NA,NA,NA
2024-08-28,89.5,61.4,Clearwater,23.7,NA,NA,NA,NA
2024-08-29,85.2,57.9,Clearwater,21.55,NA,NA,NA,NA
2024-08-30,81.9,51.1,Clearwater,16.5,NA,NA,NA,NA
2024-08-31,92.1,45.6,Clearwater,18,NA,NA,NA,NA
2024-09-01,79.3,52.4,Clearwater,15.85,NA,NA,NA,NA
2024-09-02,79.1,47.9,Clearwater,14.55,NA,NA,NA,NA
2024-09-03,82.3,54.9,Clearwater,18.6,NA,NA,NA,NA
2024-09-04,92.6,59.1,Clearwater,22.55,NA,NA,NA,NA
2024-09-05,79.9,53.9,Clearwater,16.9,NA,NA,NA,NA
2024-09-06,73.9,46.2,Clearwater,11.95,NA,NA,NA,NA
2024-09-07,74.5,37.8,Clearwater,12.25,NA,NA,NA,NA
2024-09-08,79.8,45.2,Clearwater,14.9,NA,NA,NA,NA
2024-09-09,86.5,57.1,Clearwater,21.55,NA,NA,NA,NA
2024-09-10,89.3,65.9,Clearwater,25.95,NA,NA,NA,NA
2024-09-11,88.7,50.3,Clearwater,18.15,NA,NA,NA,NA
2024-09-12,85.1,56.4,Clearwater,20.75,NA,NA,NA,NA
2024-09-13,83.7,59.9,Clearwater,21.8,NA,NA,NA,NA
2024-09-14,82.9,53.8,Clearwater,18.35,NA,NA,NA,NA
2024-09-15,87.3,62.8,Clearwater,24.4,NA,NA,NA,NA
2024-09-16,84.1,65.6,Clearwater,24.85,NA,NA,NA,NA
2024-09-17,87.9,67.4,Clearwater,26.7,NA,NA,NA,NA
2024-09-18,84.6,64.5,Clearwater,24.55,NA,NA,NA,NA
2024-09-19,86.4,51.6,Clearwater,18.8,NA,NA,NA,NA
2024-09-20,88.1,46.9,Clearwater,18,NA,NA,NA,NA
2024-09-21,74.5,59.6,Clearwater,17.05,NA,NA,NA,NA
2024-09-22,67.2,41,Clearwater,8.6,NA,NA,NA,NA
2024-09-23,75.4,31.5,Clearwater,12.7,NA,NA,NA,NA
2024-09-24,77.4,46.8,Clearwater,13.7,NA,NA,NA,NA
2024-09-25,86,40.5,Clearwater,18,NA,NA,NA,NA
2024-09-26,86.5,42.8,Clearwater,18,NA,NA,NA,NA
2024-09-27,90,47.9,Clearwater,18,NA,NA,NA,NA
2024-09-28,92.1,46.2,Clearwater,18,NA,NA,NA,NA
2024-09-29,89.3,42.5,Clearwater,18,NA,NA,NA,NA
2024-09-30,77.7,44.1,Clearwater,13.85,NA,NA,NA,NA
2024-10-01,70.2,32.3,Clearwater,10.1,NA,NA,NA,NA
2024-10-02,89,49.2,Clearwater,18,NA,NA,NA,NA
2024-10-03,72.6,44.2,Clearwater,11.3,NA,NA,NA,NA
2024-10-04,75,33.5,Clearwater,12.5,NA,NA,NA,NA
2024-10-05,78.8,39.9,Clearwater,14.4,NA,NA,NA,NA
2024-10-06,69.3,35.3,Clearwater,9.65,NA,NA,NA,NA
2024-10-07,74.8,28.8,Clearwater,12.4,NA,NA,NA,NA
2024-10-08,83.4,36.9,Clearwater,16.7,NA,NA,NA,NA
2024-10-09,84.4,41.9,Clearwater,17.2,NA,NA,NA,NA
2024-10-10,83.3,41.8,Clearwater,16.65,NA,NA,NA,NA
2024-10-11,73.6,43.5,Clearwater,11.8,NA,NA,NA,NA
2024-10-12,75.5,37.1,Clearwater,12.75,NA,NA,NA,NA
2024-10-13,58.1,31,Clearwater,4.05,NA,NA,NA,NA
2024-10-14,63.7,24.4,Clearwater,6.85,NA,NA,NA,NA
2024-10-15,57.2,22.6,Clearwater,3.6,NA,NA,NA,NA
2024-10-16,63.6,18,Clearwater,6.8,NA,NA,NA,NA
2024-10-17,76.1,48.4,Clearwater,13.05,NA,NA,NA,NA
2024-10-18,74.7,55,Clearwater,14.85,NA,NA,NA,NA
2024-10-19,72.4,49.3,Clearwater,11.2,NA,NA,NA,NA
2024-10-20,83.4,45.7,Clearwater,16.7,NA,NA,NA,NA
2024-10-21,78.4,55,Clearwater,16.7,NA,NA,NA,NA
2024-10-22,73,38.9,Clearwater,11.5,NA,NA,NA,NA
2024-10-23,66.9,41.7,Clearwater,8.45,NA,NA,NA,NA
2024-10-24,71.2,43.5,Clearwater,10.6,NA,NA,NA,NA
2024-10-25,60.5,25.6,Clearwater,5.25,NA,NA,NA,NA
2024-10-26,46.7,23.3,Clearwater,0,NA,NA,NA,NA
2024-01-01,NA,NA,Lincoln,0,40.8606363814325,-96.5982886186525,19.17,37.15
2024-01-02,NA,NA,Lincoln,0,40.8606363814325,-96.5982886186525,23.47,42.08
2024-01-03,NA,NA,Lincoln,0,40.8606363814325,-96.5982886186525,22.55,38.17
2024-01-04,NA,NA,Lincoln,0,40.8606363814325,-96.5982886186525,24.13,34.34
2024-01-05,NA,NA,Lincoln,0,40.8606363814325,-96.5982886186525,26.01,35.49
2024-01-06,NA,NA,Lincoln,0,40.8606363814325,-96.5982886186525,23.86,34.39
2024-01-07,NA,NA,Lincoln,0,40.8606363814325,-96.5982886186525,17.98,35.22
2024-01-08,NA,NA,Lincoln,0,40.8606363814325,-96.5982886186525,28.27,33.06
2024-01-09,NA,NA,Lincoln,0,40.8606363814325,-96.5982886186525,8.28,27.64
2024-01-10,NA,NA,Lincoln,0,40.8606363814325,-96.5982886186525,11.59,35.58
2024-01-11,NA,NA,Lincoln,0,40.8606363814325,-96.5982886186525,4.84,22.98
2024-01-12,NA,NA,Lincoln,0,40.8606363814325,-96.5982886186525,-3.51,5.86
2024-01-13,NA,NA,Lincoln,0,40.8606363814325,-96.5982886186525,-26.05,-2.96
2024-01-14,NA,NA,Lincoln,0,40.8606363814325,-96.5982886186525,-28.5,-7.53
2024-01-15,NA,NA,Lincoln,0,40.8606363814325,-96.5982886186525,-15.99,-1.44
2024-01-16,NA,NA,Lincoln,0,40.8606363814325,-96.5982886186525,-15.29,11.88
2024-01-17,NA,NA,Lincoln,0,40.8606363814325,-96.5982886186525,1.67,22.55
2024-01-18,NA,NA,Lincoln,0,40.8606363814325,-96.5982886186525,-3.59,17.62
2024-01-19,NA,NA,Lincoln,0,40.8606363814325,-96.5982886186525,-11.25,7.25
2024-01-20,NA,NA,Lincoln,0,40.8606363814325,-96.5982886186525,-19.98,7.52
2024-01-21,NA,NA,Lincoln,0,40.8606363814325,-96.5982886186525,-0.4,27.64
2024-01-22,NA,NA,Lincoln,0,40.8606363814325,-96.5982886186525,25.09,32.83
2024-01-23,NA,NA,Lincoln,0,40.8606363814325,-96.5982886186525,26.73,33.67
2024-01-24,NA,NA,Lincoln,0,40.8606363814325,-96.5982886186525,30.06,35.85
2024-01-25,NA,NA,Lincoln,0,40.8606363814325,-96.5982886186525,28.63,34.2
2024-01-26,NA,NA,Lincoln,0,40.8606363814325,-96.5982886186525,27.01,35.15
2024-01-27,NA,NA,Lincoln,0,40.8606363814325,-96.5982886186525,26.71,40.82
2024-01-28,NA,NA,Lincoln,0,40.8606363814325,-96.5982886186525,27.19,49.75
2024-01-29,NA,NA,Lincoln,3.24,40.8606363814325,-96.5982886186525,31.62,56.48
2024-01-30,NA,NA,Lincoln,0.674999999999997,40.8606363814325,-96.5982886186525,29.46,51.35
2024-01-31,NA,NA,Lincoln,5.895,40.8606363814325,-96.5982886186525,30.97,61.79
2024-02-01,NA,NA,Lincoln,3.35,40.8606363814325,-96.5982886186525,35.47,56.7
2024-02-02,NA,NA,Lincoln,1.575,40.8606363814325,-96.5982886186525,37.99,53.15
2024-02-03,NA,NA,Lincoln,0,40.8606363814325,-96.5982886186525,36.09,45.19
2024-02-04,NA,NA,Lincoln,0,40.8606363814325,-96.5982886186525,32.16,41.4
2024-02-05,NA,NA,Lincoln,0.495000000000005,40.8606363814325,-96.5982886186525,26.74,50.99
2024-02-06,NA,NA,Lincoln,3.265,40.8606363814325,-96.5982886186525,28.83,56.53
2024-02-07,NA,NA,Lincoln,3.59,40.8606363814325,-96.5982886186525,42.15,57.18
2024-02-08,NA,NA,Lincoln,1.305,40.8606363814325,-96.5982886186525,35.26,52.61
2024-02-09,NA,NA,Lincoln,0,40.8606363814325,-96.5982886186525,27.48,46.36
2024-02-10,NA,NA,Lincoln,0,40.8606363814325,-96.5982886186525,24.48,39.49
2024-02-11,NA,NA,Lincoln,0,40.8606363814325,-96.5982886186525,23.97,42.1
2024-02-12,NA,NA,Lincoln,0.200000000000003,40.8606363814325,-96.5982886186525,26.15,50.4
2024-02-13,NA,NA,Lincoln,1.96,40.8606363814325,-96.5982886186525,31.82,53.92
2024-02-14,NA,NA,Lincoln,4.68,40.8606363814325,-96.5982886186525,28.78,59.36
2024-02-15,NA,NA,Lincoln,0,40.8606363814325,-96.5982886186525,21.56,39.09
2024-02-16,NA,NA,Lincoln,0,40.8606363814325,-96.5982886186525,14.86,30.58
2024-02-17,NA,NA,Lincoln,0,40.8606363814325,-96.5982886186525,14.86,35.38
2024-02-18,NA,NA,Lincoln,0,40.8606363814325,-96.5982886186525,23.07,45.75
2024-02-19,NA,NA,Lincoln,2.275,40.8606363814325,-96.5982886186525,26.78,54.55
2024-02-20,NA,NA,Lincoln,7.135,40.8606363814325,-96.5982886186525,29.28,64.27
2024-02-21,NA,NA,Lincoln,7.58,40.8606363814325,-96.5982886186525,33.12,65.16
2024-02-22,NA,NA,Lincoln,5.725,40.8606363814325,-96.5982886186525,36.66,61.45
2024-02-23,NA,NA,Lincoln,4.22,40.8606363814325,-96.5982886186525,32.67,58.44
2024-02-24,NA,NA,Lincoln,6.23,40.8606363814325,-96.5982886186525,25.52,62.46
2024-02-25,NA,NA,Lincoln,8.44,40.8606363814325,-96.5982886186525,34.75,66.88
2024-02-26,NA,NA,Lincoln,12.895,40.8606363814325,-96.5982886186525,36.5,75.79
2024-02-27,NA,NA,Lincoln,0,40.8606363814325,-96.5982886186525,16.88,46.02
2024-02-28,NA,NA,Lincoln,0,40.8606363814325,-96.5982886186525,13.48,36.82
2024-02-29,NA,NA,Lincoln,3.455,40.8606363814325,-96.5982886186525,26.47,56.91
2024-03-01,NA,NA,Lincoln,3.97,40.8606363814325,-96.5982886186525,29.68,57.94
2024-03-02,NA,NA,Lincoln,7.795,40.8606363814325,-96.5982886186525,36.54,65.59
2024-03-03,NA,NA,Lincoln,8.335,40.8606363814325,-96.5982886186525,44.2,66.67
2024-03-04,NA,NA,Lincoln,2.305,40.8606363814325,-96.5982886186525,34.03,54.61
2024-03-05,NA,NA,Lincoln,2.015,40.8606363814325,-96.5982886186525,25.07,54.03
2024-03-06,NA,NA,Lincoln,1.72,40.8606363814325,-96.5982886186525,32.67,53.44
2024-03-07,NA,NA,Lincoln,1.43,40.8606363814325,-96.5982886186525,32.54,52.86
2024-03-08,NA,NA,Lincoln,0,40.8606363814325,-96.5982886186525,27.7,41.22
2024-03-09,NA,NA,Lincoln,1.035,40.8606363814325,-96.5982886186525,24.06,52.07
2024-03-10,NA,NA,Lincoln,8.35,40.8606363814325,-96.5982886186525,28.47,66.7
2024-03-11,NA,NA,Lincoln,11.645,40.8606363814325,-96.5982886186525,36.99,73.29
2024-03-12,NA,NA,Lincoln,6.37,40.8606363814325,-96.5982886186525,45.55,62.74
2024-03-13,NA,NA,Lincoln,6.455,40.8606363814325,-96.5982886186525,40.73,62.91
2024-03-14,NA,NA,Lincoln,1.53,40.8606363814325,-96.5982886186525,40.73,53.06
2024-03-15,NA,NA,Lincoln,3.53,40.8606363814325,-96.5982886186525,34.11,57.06
2024-03-16,NA,NA,Lincoln,2.825,40.8606363814325,-96.5982886186525,34.27,55.65
2024-03-17,NA,NA,Lincoln,0,40.8606363814325,-96.5982886186525,22.03,38.28
2024-03-18,NA,NA,Lincoln,0,40.8606363814325,-96.5982886186525,20.01,42.55
2024-03-19,NA,NA,Lincoln,7.505,40.8606363814325,-96.5982886186525,30.02,65.01
2024-03-20,NA,NA,Lincoln,0,40.8606363814325,-96.5982886186525,31.3,47.1
2024-03-21,NA,NA,Lincoln,2.205,40.8606363814325,-96.5982886186525,28.72,54.41
2024-03-22,NA,NA,Lincoln,0,40.8606363814325,-96.5982886186525,25.56,43.86
2024-03-23,NA,NA,Lincoln,0,40.8606363814325,-96.5982886186525,24.26,42.69
2024-03-24,NA,NA,Lincoln,0.655000000000001,40.8606363814325,-96.5982886186525,31.3,51.31
2024-03-25,NA,NA,Lincoln,0,40.8606363814325,-96.5982886186525,26.87,47.26
2024-03-26,NA,NA,Lincoln,0,40.8606363814325,-96.5982886186525,20.57,34.77
2024-03-27,NA,NA,Lincoln,0,40.8606363814325,-96.5982886186525,20.05,47.97
2024-03-28,NA,NA,Lincoln,9.52,40.8606363814325,-96.5982886186525,31.73,69.04
2024-03-29,NA,NA,Lincoln,6.38,40.8606363814325,-96.5982886186525,41.99,62.76
2024-03-30,NA,NA,Lincoln,1.8,40.8606363814325,-96.5982886186525,32.23,53.6
2024-03-31,NA,NA,Lincoln,3.445,40.8606363814325,-96.5982886186525,34.81,56.89
2024-04-01,NA,NA,Lincoln,0,40.8606363814325,-96.5982886186525,39.13,49.87
2024-04-02,NA,NA,Lincoln,3.49,40.8606363814325,-96.5982886186525,34.84,56.98
2024-04-03,NA,NA,Lincoln,1.735,40.8606363814325,-96.5982886186525,31.33,53.47
2024-04-04,NA,NA,Lincoln,5.535,40.8606363814325,-96.5982886186525,29.8,61.07
2024-04-05,NA,NA,Lincoln,7.965,40.8606363814325,-96.5982886186525,30.6,65.93
2024-04-06,NA,NA,Lincoln,9.92,40.8606363814325,-96.5982886186525,37.98,69.84
2024-04-07,NA,NA,Lincoln,6.535,40.8606363814325,-96.5982886186525,40.91,63.07
2024-04-08,NA,NA,Lincoln,8.685,40.8606363814325,-96.5982886186525,36.46,67.37
2024-04-09,NA,NA,Lincoln,9.19,40.8606363814325,-96.5982886186525,34.95,68.38
2024-04-10,NA,NA,Lincoln,10.665,40.8606363814325,-96.5982886186525,42.91,71.33
2024-04-11,NA,NA,Lincoln,5.32,40.8606363814325,-96.5982886186525,41.29,60.64
2024-04-12,NA,NA,Lincoln,9.415,40.8606363814325,-96.5982886186525,35.98,68.83
2024-04-13,NA,NA,Lincoln,17.485,40.8606363814325,-96.5982886186525,45.07,84.97
2024-04-14,NA,NA,Lincoln,19.775,40.8606363814325,-96.5982886186525,53.55,87.37
2024-04-15,NA,NA,Lincoln,18.485,40.8606363814325,-96.5982886186525,52.25,84.72
2024-04-16,NA,NA,Lincoln,12.635,40.8606363814325,-96.5982886186525,52.59,72.68
2024-04-17,NA,NA,Lincoln,9.19,40.8606363814325,-96.5982886186525,48.99,68.38
2024-04-18,NA,NA,Lincoln,3.44,40.8606363814325,-96.5982886186525,38.44,56.88
2024-04-19,NA,NA,Lincoln,4.21,40.8606363814325,-96.5982886186525,33.57,58.42
2024-04-20,NA,NA,Lincoln,0.215000000000003,40.8606363814325,-96.5982886186525,29.28,50.43
2024-04-21,NA,NA,Lincoln,6.625,40.8606363814325,-96.5982886186525,29.8,63.25
2024-04-22,NA,NA,Lincoln,12.26,40.8606363814325,-96.5982886186525,40.91,74.52
2024-04-23,NA,NA,Lincoln,9.2,40.8606363814325,-96.5982886186525,47.88,68.4
2024-04-24,NA,NA,Lincoln,10.925,40.8606363814325,-96.5982886186525,41.16,71.85
2024-04-25,NA,NA,Lincoln,7.32,40.8606363814325,-96.5982886186525,50.65,63.99
2024-04-26,NA,NA,Lincoln,14.885,40.8606363814325,-96.5982886186525,51.96,77.81
2024-04-27,NA,NA,Lincoln,9.88,40.8606363814325,-96.5982886186525,47.43,69.76
2024-04-28,NA,NA,Lincoln,9.115,40.8606363814325,-96.5982886186525,45.39,68.23
2024-04-29,NA,NA,Lincoln,11.41,40.8606363814325,-96.5982886186525,39.87,72.82
2024-04-30,NA,NA,Lincoln,16.895,40.8606363814325,-96.5982886186525,52,81.79
2024-05-01,NA,NA,Lincoln,9.27,40.8606363814325,-96.5982886186525,45.86,68.54
2024-05-02,NA,NA,Lincoln,9.755,40.8606363814325,-96.5982886186525,44.64,69.51
2024-05-03,NA,NA,Lincoln,12.13,40.8606363814325,-96.5982886186525,42.21,74.26
2024-05-04,NA,NA,Lincoln,6.875,40.8606363814325,-96.5982886186525,42.04,63.75
2024-05-05,NA,NA,Lincoln,9.82,40.8606363814325,-96.5982886186525,43.5,69.64
2024-05-06,NA,NA,Lincoln,11.95,40.8606363814325,-96.5982886186525,50.61,73.29
2024-05-07,NA,NA,Lincoln,12.06,40.8606363814325,-96.5982886186525,45.91,74.12
2024-05-08,NA,NA,Lincoln,14.95,40.8606363814325,-96.5982886186525,52.88,77.02
2024-05-09,NA,NA,Lincoln,10.8,40.8606363814325,-96.5982886186525,45.77,71.6
2024-05-10,NA,NA,Lincoln,13.215,40.8606363814325,-96.5982886186525,50.04,76.39
2024-05-11,NA,NA,Lincoln,15.975,40.8606363814325,-96.5982886186525,49.39,81.95
2024-05-12,NA,NA,Lincoln,14.41,40.8606363814325,-96.5982886186525,57.02,71.8
2024-05-13,NA,NA,Lincoln,10.87,40.8606363814325,-96.5982886186525,53.74,68
2024-05-14,NA,NA,Lincoln,13.295,40.8606363814325,-96.5982886186525,47.26,76.59
2024-05-15,NA,NA,Lincoln,14.105,40.8606363814325,-96.5982886186525,54.18,74.03
2024-05-16,NA,NA,Lincoln,14.475,40.8606363814325,-96.5982886186525,50.11,78.84
2024-05-17,NA,NA,Lincoln,20.15,40.8606363814325,-96.5982886186525,54.68,85.62
2024-05-18,NA,NA,Lincoln,19.42,40.8606363814325,-96.5982886186525,58.37,80.47
2024-05-19,NA,NA,Lincoln,15.11,40.8606363814325,-96.5982886186525,53.2,77.02
2024-05-20,NA,NA,Lincoln,24.325,40.8606363814325,-96.5982886186525,64.13,84.52
2024-05-21,NA,NA,Lincoln,15.945,40.8606363814325,-96.5982886186525,51.76,80.13
2024-05-22,NA,NA,Lincoln,13.23,40.8606363814325,-96.5982886186525,52.54,73.92
2024-05-23,NA,NA,Lincoln,17.225,40.8606363814325,-96.5982886186525,54.12,80.33
2024-05-24,NA,NA,Lincoln,11.59,40.8606363814325,-96.5982886186525,52.61,70.57
2024-05-25,NA,NA,Lincoln,13.725,40.8606363814325,-96.5982886186525,48.76,77.45
2024-05-26,NA,NA,Lincoln,18.585,40.8606363814325,-96.5982886186525,59.52,77.65
2024-05-27,NA,NA,Lincoln,16.415,40.8606363814325,-96.5982886186525,54.66,78.17
2024-05-28,NA,NA,Lincoln,16.01,40.8606363814325,-96.5982886186525,52.97,79.05
2024-05-29,NA,NA,Lincoln,16.35,40.8606363814325,-96.5982886186525,51.42,81.28
2024-05-30,NA,NA,Lincoln,17.58,40.8606363814325,-96.5982886186525,59.02,76.14
2024-05-31,NA,NA,Lincoln,18.02,40.8606363814325,-96.5982886186525,61.56,74.48
2024-06-01,NA,NA,Lincoln,19.035,40.8606363814325,-96.5982886186525,59.32,78.75
2024-06-02,NA,NA,Lincoln,23.695,40.8606363814325,-96.5982886186525,63.82,83.57
2024-06-03,NA,NA,Lincoln,26.97,40.8606363814325,-96.5982886186525,68.32,85.62
2024-06-04,NA,NA,Lincoln,19.845,40.8606363814325,-96.5982886186525,55.78,83.91
2024-06-05,NA,NA,Lincoln,19.55,40.8606363814325,-96.5982886186525,53.1,88.05
2024-06-06,NA,NA,Lincoln,17.57,40.8606363814325,-96.5982886186525,55.44,79.7
2024-06-07,NA,NA,Lincoln,21.69,40.8606363814325,-96.5982886186525,57.38,90.09
2024-06-08,NA,NA,Lincoln,21.32,40.8606363814325,-96.5982886186525,61.52,81.12
2024-06-09,NA,NA,Lincoln,20.115,40.8606363814325,-96.5982886186525,58.32,81.91
2024-06-10,NA,NA,Lincoln,19.295,40.8606363814325,-96.5982886186525,55.74,82.85
2024-06-11,NA,NA,Lincoln,24.82,40.8606363814325,-96.5982886186525,63.64,88.23
2024-06-12,NA,NA,Lincoln,26.395,40.8606363814325,-96.5982886186525,66.79,94.91
2024-06-13,NA,NA,Lincoln,27.27,40.8606363814325,-96.5982886186525,68.54,91.49
2024-06-14,NA,NA,Lincoln,24.085,40.8606363814325,-96.5982886186525,62.17,91.65
2024-06-15,NA,NA,Lincoln,25.965,40.8606363814325,-96.5982886186525,69.06,82.87
2024-06-16,NA,NA,Lincoln,28.15,40.8606363814325,-96.5982886186525,70.3,91.6
2024-06-17,NA,NA,Lincoln,29.375,40.8606363814325,-96.5982886186525,72.75,88.63
2024-06-18,NA,NA,Lincoln,24.245,40.8606363814325,-96.5982886186525,62.49,87.03
2024-06-19,NA,NA,Lincoln,15.29,40.8606363814325,-96.5982886186525,61.9,68.68
2024-06-20,NA,NA,Lincoln,23.975,40.8606363814325,-96.5982886186525,61.95,87.71
2024-06-21,NA,NA,Lincoln,28.325,40.8606363814325,-96.5982886186525,70.65,89.56
2024-06-22,NA,NA,Lincoln,28.505,40.8606363814325,-96.5982886186525,71.01,87.08
2024-06-23,NA,NA,Lincoln,26.21,40.8606363814325,-96.5982886186525,66.42,91.63
2024-06-24,NA,NA,Lincoln,27.845,40.8606363814325,-96.5982886186525,69.69,100.74
2024-06-25,NA,NA,Lincoln,30.79,40.8606363814325,-96.5982886186525,75.58,96.08
2024-06-26,NA,NA,Lincoln,28.235,40.8606363814325,-96.5982886186525,70.47,88.56
2024-06-27,NA,NA,Lincoln,25.12,40.8606363814325,-96.5982886186525,68.54,81.7
2024-06-28,NA,NA,Lincoln,29.405,40.8606363814325,-96.5982886186525,72.81,93.87
2024-06-29,NA,NA,Lincoln,21.295,40.8606363814325,-96.5982886186525,61.99,80.6
2024-06-30,NA,NA,Lincoln,18.28,40.8606363814325,-96.5982886186525,56.7,79.86
2024-07-01,NA,NA,Lincoln,20.55,40.8606363814325,-96.5982886186525,60.91,80.19
2024-07-02,NA,NA,Lincoln,23.31,40.8606363814325,-96.5982886186525,63.59,83.03
2024-07-03,NA,NA,Lincoln,18.81,40.8606363814325,-96.5982886186525,61.57,76.05
2024-07-04,NA,NA,Lincoln,21.07,40.8606363814325,-96.5982886186525,61.47,80.67
2024-07-05,NA,NA,Lincoln,19.36,40.8606363814325,-96.5982886186525,58.73,79.99
2024-07-06,NA,NA,Lincoln,22.565,40.8606363814325,-96.5982886186525,60.64,84.49
2024-07-07,NA,NA,Lincoln,21.835,40.8606363814325,-96.5982886186525,63.5,80.17
2024-07-08,NA,NA,Lincoln,20.475,40.8606363814325,-96.5982886186525,58.95,82
2024-07-09,NA,NA,Lincoln,23.74,40.8606363814325,-96.5982886186525,62.6,84.88
2024-07-10,NA,NA,Lincoln,25.055,40.8606363814325,-96.5982886186525,64.11,87.35
2024-07-11,NA,NA,Lincoln,23.75,40.8606363814325,-96.5982886186525,62.2,85.3
2024-07-12,NA,NA,Lincoln,24.83,40.8606363814325,-96.5982886186525,63.66,89.17
2024-07-13,NA,NA,Lincoln,28.955,40.8606363814325,-96.5982886186525,71.91,96.64
2024-07-14,NA,NA,Lincoln,28.89,40.8606363814325,-96.5982886186525,71.78,95.54
2024-07-15,NA,NA,Lincoln,29.725,40.8606363814325,-96.5982886186525,73.45,97.75
2024-07-16,NA,NA,Lincoln,26.2,40.8606363814325,-96.5982886186525,69.08,83.32
2024-07-17,NA,NA,Lincoln,24.77,40.8606363814325,-96.5982886186525,65.21,84.33
2024-07-18,NA,NA,Lincoln,22.785,40.8606363814325,-96.5982886186525,60.04,85.53
2024-07-19,NA,NA,Lincoln,24.39,40.8606363814325,-96.5982886186525,62.78,89.11
2024-07-20,NA,NA,Lincoln,22.735,40.8606363814325,-96.5982886186525,63.54,81.93
2024-07-21,NA,NA,Lincoln,24.55,40.8606363814325,-96.5982886186525,64.72,84.38
2024-07-22,NA,NA,Lincoln,24.43,40.8606363814325,-96.5982886186525,64.53,84.33
2024-07-23,NA,NA,Lincoln,25.405,40.8606363814325,-96.5982886186525,64.81,89.2
2024-07-24,NA,NA,Lincoln,26.155,40.8606363814325,-96.5982886186525,66.31,94.15
2024-07-25,NA,NA,Lincoln,28.235,40.8606363814325,-96.5982886186525,70.47,97.12
2024-07-26,NA,NA,Lincoln,27.745,40.8606363814325,-96.5982886186525,69.49,95.76
2024-07-27,NA,NA,Lincoln,27.8,40.8606363814325,-96.5982886186525,69.6,93.92
2024-07-28,NA,NA,Lincoln,27.305,40.8606363814325,-96.5982886186525,68.61,95.02
2024-07-29,NA,NA,Lincoln,28.505,40.8606363814325,-96.5982886186525,71.01,100.09
2024-07-30,NA,NA,Lincoln,30.59,40.8606363814325,-96.5982886186525,75.18,100.89
2024-07-31,NA,NA,Lincoln,31.25,40.8606363814325,-96.5982886186525,76.5,102.31
2024-08-01,NA,NA,Lincoln,27.335,40.8606363814325,-96.5982886186525,68.67,93.45
2024-08-02,NA,NA,Lincoln,27.045,40.8606363814325,-96.5982886186525,68.09,97.45
2024-08-03,NA,NA,Lincoln,27.53,40.8606363814325,-96.5982886186525,69.06,98.78
2024-08-04,NA,NA,Lincoln,29.225,40.8606363814325,-96.5982886186525,72.45,103.64
2024-08-05,NA,NA,Lincoln,29.585,40.8606363814325,-96.5982886186525,73.17,102.54
2024-08-06,NA,NA,Lincoln,24.295,40.8606363814325,-96.5982886186525,64.35,84.24
2024-08-07,NA,NA,Lincoln,23.435,40.8606363814325,-96.5982886186525,60.87,88.63
2024-08-08,NA,NA,Lincoln,19.43,40.8606363814325,-96.5982886186525,59.43,79.43
2024-08-09,NA,NA,Lincoln,16.91,40.8606363814325,-96.5982886186525,55.09,78.73
2024-08-10,NA,NA,Lincoln,15.235,40.8606363814325,-96.5982886186525,55.38,75.09
2024-08-11,NA,NA,Lincoln,21.545,40.8606363814325,-96.5982886186525,59,84.09
2024-08-12,NA,NA,Lincoln,24.995,40.8606363814325,-96.5982886186525,64.15,85.84
2024-08-13,NA,NA,Lincoln,24.085,40.8606363814325,-96.5982886186525,62.76,85.41
2024-08-14,NA,NA,Lincoln,26.9,40.8606363814325,-96.5982886186525,67.8,88.39
2024-08-15,NA,NA,Lincoln,26.91,40.8606363814325,-96.5982886186525,67.82,90.81
2024-08-16,NA,NA,Lincoln,26.425,40.8606363814325,-96.5982886186525,66.85,93.11
2024-08-17,NA,NA,Lincoln,25.535,40.8606363814325,-96.5982886186525,65.07,90.25
2024-08-18,NA,NA,Lincoln,22.715,40.8606363814325,-96.5982886186525,64.22,81.21
2024-08-19,NA,NA,Lincoln,24.535,40.8606363814325,-96.5982886186525,63.07,88.61
2024-08-20,NA,NA,Lincoln,22.7,40.8606363814325,-96.5982886186525,62.91,82.49
2024-08-21,NA,NA,Lincoln,24.365,40.8606363814325,-96.5982886186525,62.73,86.63
2024-08-22,NA,NA,Lincoln,23.635,40.8606363814325,-96.5982886186525,61.27,88.29
2024-08-23,NA,NA,Lincoln,23.875,40.8606363814325,-96.5982886186525,61.75,87.3
2024-08-24,NA,NA,Lincoln,25.325,40.8606363814325,-96.5982886186525,64.65,95.4
2024-08-25,NA,NA,Lincoln,28.645,40.8606363814325,-96.5982886186525,71.29,105.69
2024-08-26,NA,NA,Lincoln,30.22,40.8606363814325,-96.5982886186525,74.44,102.31
2024-08-27,NA,NA,Lincoln,29.14,40.8606363814325,-96.5982886186525,72.28,86.92
2024-08-28,NA,NA,Lincoln,27.46,40.8606363814325,-96.5982886186525,68.92,97.56
2024-08-29,NA,NA,Lincoln,25.19,40.8606363814325,-96.5982886186525,64.38,93.45
2024-08-30,NA,NA,Lincoln,23.58,40.8606363814325,-96.5982886186525,63.19,83.97
2024-08-31,NA,NA,Lincoln,21.555,40.8606363814325,-96.5982886186525,57.11,89.4
2024-09-01,NA,NA,Lincoln,21.575,40.8606363814325,-96.5982886186525,59.65,83.5
2024-09-02,NA,NA,Lincoln,17.415,40.8606363814325,-96.5982886186525,52.99,81.84
2024-09-03,NA,NA,Lincoln,19.825,40.8606363814325,-96.5982886186525,54.19,85.46
2024-09-04,NA,NA,Lincoln,22.49,40.8606363814325,-96.5982886186525,58.98,92.1
2024-09-05,NA,NA,Lincoln,24.55,40.8606363814325,-96.5982886186525,64.67,84.43
2024-09-06,NA,NA,Lincoln,18.07,40.8606363814325,-96.5982886186525,56.46,79.68
2024-09-07,NA,NA,Lincoln,16.695,40.8606363814325,-96.5982886186525,54.19,79.2
2024-09-08,NA,NA,Lincoln,18.985,40.8606363814325,-96.5982886186525,53.01,84.96
2024-09-09,NA,NA,Lincoln,21.89,40.8606363814325,-96.5982886186525,57.78,92.82
2024-09-10,NA,NA,Lincoln,25.82,40.8606363814325,-96.5982886186525,65.64,92.61
2024-09-11,NA,NA,Lincoln,22.985,40.8606363814325,-96.5982886186525,59.97,90.73
2024-09-12,NA,NA,Lincoln,23.77,40.8606363814325,-96.5982886186525,61.54,90
2024-09-13,NA,NA,Lincoln,22.87,40.8606363814325,-96.5982886186525,59.74,91.26
2024-09-14,NA,NA,Lincoln,23.455,40.8606363814325,-96.5982886186525,60.91,87.01
2024-09-15,NA,NA,Lincoln,25.91,40.8606363814325,-96.5982886186525,65.82,92.52
2024-09-16,NA,NA,Lincoln,26.935,40.8606363814325,-96.5982886186525,67.87,90.43
2024-09-17,NA,NA,Lincoln,27.425,40.8606363814325,-96.5982886186525,68.85,90.23
2024-09-18,NA,NA,Lincoln,27.56,40.8606363814325,-96.5982886186525,69.12,88.63
2024-09-19,NA,NA,Lincoln,28.595,40.8606363814325,-96.5982886186525,71.19,92.64
2024-09-20,NA,NA,Lincoln,24.985,40.8606363814325,-96.5982886186525,63.97,95.09
2024-09-21,NA,NA,Lincoln,26.075,40.8606363814325,-96.5982886186525,66.15,91.17
2024-09-22,NA,NA,Lincoln,15.955,40.8606363814325,-96.5982886186525,57.7,74.21
2024-09-23,NA,NA,Lincoln,16.12,40.8606363814325,-96.5982886186525,54.75,77.49
2024-09-24,NA,NA,Lincoln,18.29,40.8606363814325,-96.5982886186525,57.69,78.89
2024-09-25,NA,NA,Lincoln,19.18,40.8606363814325,-96.5982886186525,54.32,84.04
2024-09-26,NA,NA,Lincoln,20.395,40.8606363814325,-96.5982886186525,54.9,85.89
2024-09-27,NA,NA,Lincoln,21.68,40.8606363814325,-96.5982886186525,57.36,87.28
2024-09-28,NA,NA,Lincoln,22.435,40.8606363814325,-96.5982886186525,58.87,91.02
2024-09-29,NA,NA,Lincoln,23.195,40.8606363814325,-96.5982886186525,60.39,90.79
2024-09-30,NA,NA,Lincoln,22.06,40.8606363814325,-96.5982886186525,58.12,90.93
2024-10-01,NA,NA,Lincoln,10.99,40.8606363814325,-96.5982886186525,48.67,71.98
2024-10-02,NA,NA,Lincoln,17.46,40.8606363814325,-96.5982886186525,48.7,84.92
2024-10-03,NA,NA,Lincoln,18.665,40.8606363814325,-96.5982886186525,52.25,85.08
2024-10-04,NA,NA,Lincoln,15.505,40.8606363814325,-96.5982886186525,51.08,79.93
2024-10-05,NA,NA,Lincoln,21.385,40.8606363814325,-96.5982886186525,56.77,89.13
2024-10-06,NA,NA,Lincoln,12.51,40.8606363814325,-96.5982886186525,50.74,74.28
2024-10-07,NA,NA,Lincoln,12.4,40.8606363814325,-96.5982886186525,47.7,74.8
2024-10-08,NA,NA,Lincoln,16.02,40.8606363814325,-96.5982886186525,48.24,82.04
2024-10-09,NA,NA,Lincoln,17.25,40.8606363814325,-96.5982886186525,50.23,84.27
2024-10-10,NA,NA,Lincoln,20.08,40.8606363814325,-96.5982886186525,54.16,88.56
2024-10-11,NA,NA,Lincoln,20.5,40.8606363814325,-96.5982886186525,56.55,84.45
2024-10-12,NA,NA,Lincoln,14.84,40.8606363814325,-96.5982886186525,54.68,75
2024-10-13,NA,NA,Lincoln,6.29,40.8606363814325,-96.5982886186525,44.55,62.58
2024-10-14,NA,NA,Lincoln,7.12,40.8606363814325,-96.5982886186525,39.92,64.24
2024-10-15,NA,NA,Lincoln,4.85,40.8606363814325,-96.5982886186525,38.8,59.7
2024-10-16,NA,NA,Lincoln,6.955,40.8606363814325,-96.5982886186525,34.21,63.91
2024-10-17,NA,NA,Lincoln,12.445,40.8606363814325,-96.5982886186525,42.04,74.89
2024-10-18,NA,NA,Lincoln,11.99,40.8606363814325,-96.5982886186525,50.56,73.42
2024-10-19,NA,NA,Lincoln,17.46,40.8606363814325,-96.5982886186525,54.55,80.37
2024-10-20,NA,NA,Lincoln,19.5,40.8606363814325,-96.5982886186525,56.19,82.81
2024-10-21,NA,NA,Lincoln,18.96,40.8606363814325,-96.5982886186525,56.37,81.55
2024-10-22,NA,NA,Lincoln,16.12,40.8606363814325,-96.5982886186525,51.75,80.49
2024-10-23,NA,NA,Lincoln,8.56,40.8606363814325,-96.5982886186525,47.91,67.12
2024-10-24,NA,NA,Lincoln,13.165,40.8606363814325,-96.5982886186525,43.77,76.33
2024-10-25,NA,NA,Lincoln,6.83,40.8606363814325,-96.5982886186525,41.9,63.66
2024-10-26,NA,NA,Lincoln,6.335,40.8606363814325,-96.5982886186525,36.07,62.67
2024-10-27,NA,NA,Lincoln,11.475,40.8606363814325,-96.5982886186525,40.21,72.95
2024-10-28,NA,NA,Lincoln,14.975,40.8606363814325,-96.5982886186525,57.07,72.88
2024-10-29,NA,NA,Lincoln,20.45,40.8606363814325,-96.5982886186525,58.14,82.76
2024-10-30,NA,NA,Lincoln,11.295,40.8606363814325,-96.5982886186525,45.16,72.59
2024-10-31,NA,NA,Lincoln,3.6,40.8606363814325,-96.5982886186525,38.01,57.2
2024-11-01,NA,NA,Lincoln,6.775,40.8606363814325,-96.5982886186525,36.48,63.55
2024-11-02,NA,NA,Lincoln,5.77,40.8606363814325,-96.5982886186525,40.66,61.54
2024-11-03,NA,NA,Lincoln,11.09,40.8606363814325,-96.5982886186525,50.92,71.26
2024-11-04,NA,NA,Lincoln,5.615,40.8606363814325,-96.5982886186525,45.36,61.23
2024-11-05,NA,NA,Lincoln,2.72,40.8606363814325,-96.5982886186525,38.57,55.44
2024-11-06,NA,NA,Lincoln,3.355,40.8606363814325,-96.5982886186525,38.43,56.71
2024-11-07,NA,NA,Lincoln,4.105,40.8606363814325,-96.5982886186525,35.98,58.21
2024-11-08,NA,NA,Lincoln,1.955,40.8606363814325,-96.5982886186525,42.12,53.91
2024-11-09,NA,NA,Lincoln,3.43,40.8606363814325,-96.5982886186525,45.21,56.86
2024-11-10,NA,NA,Lincoln,4.635,40.8606363814325,-96.5982886186525,37.33,59.27
2024-11-11,NA,NA,Lincoln,2.17,40.8606363814325,-96.5982886186525,36.52,54.34
2024-11-12,NA,NA,Lincoln,5.12,40.8606363814325,-96.5982886186525,32.86,60.24
2024-11-13,NA,NA,Lincoln,2.015,40.8606363814325,-96.5982886186525,39.81,54.03
2024-11-14,NA,NA,Lincoln,5.735,40.8606363814325,-96.5982886186525,32.22,61.47
2024-11-15,NA,NA,Lincoln,8.35,40.8606363814325,-96.5982886186525,36.84,66.7
2024-11-16,NA,NA,Lincoln,5.75,40.8606363814325,-96.5982886186525,43.66,61.5
2024-11-17,NA,NA,Lincoln,2.77,40.8606363814325,-96.5982886186525,37.8,55.54
2024-11-18,NA,NA,Lincoln,5.76,40.8606363814325,-96.5982886186525,40.6,61.52
2024-11-19,NA,NA,Lincoln,0.784999999999997,40.8606363814325,-96.5982886186525,34.59,51.57
2024-11-20,NA,NA,Lincoln,0,40.8606363814325,-96.5982886186525,30.58,47.44
2024-11-21,NA,NA,Lincoln,0,40.8606363814325,-96.5982886186525,23.41,40.55
2024-11-22,NA,NA,Lincoln,0,40.8606363814325,-96.5982886186525,24.64,46.6
2024-11-23,NA,NA,Lincoln,3.33,40.8606363814325,-96.5982886186525,28.87,56.66
2024-11-24,NA,NA,Lincoln,1.915,40.8606363814325,-96.5982886186525,33.57,53.83
2024-11-25,NA,NA,Lincoln,0,40.8606363814325,-96.5982886186525,24.51,38.55
2024-11-26,NA,NA,Lincoln,0,40.8606363814325,-96.5982886186525,25.88,42.89
2024-11-27,NA,NA,Lincoln,0,40.8606363814325,-96.5982886186525,23.2,33.91
2024-11-28,NA,NA,Lincoln,0,40.8606363814325,-96.5982886186525,21.56,35.13
2024-11-29,NA,NA,Lincoln,0,40.8606363814325,-96.5982886186525,20.82,32.81
2024-11-30,NA,NA,Lincoln,0,40.8606363814325,-96.5982886186525,20.84,30.09
2024-12-01,NA,NA,Lincoln,0,40.8606363814325,-96.5982886186525,16.32,29.37
2024-12-02,NA,NA,Lincoln,0,40.8606363814325,-96.5982886186525,15.98,25.68
2024-12-03,NA,NA,Lincoln,0,40.8606363814325,-96.5982886186525,14.67,40.06
2024-12-04,NA,NA,Lincoln,0,40.8606363814325,-96.5982886186525,20.7,48.15
2024-12-05,NA,NA,Lincoln,0,40.8606363814325,-96.5982886186525,11.84,25.23
2024-12-06,NA,NA,Lincoln,0,40.8606363814325,-96.5982886186525,19.29,44.15
2024-12-07,NA,NA,Lincoln,1.375,40.8606363814325,-96.5982886186525,30.88,52.75
2024-12-08,NA,NA,Lincoln,2.545,40.8606363814325,-96.5982886186525,31.01,55.09
2024-12-09,NA,NA,Lincoln,0,40.8606363814325,-96.5982886186525,27.01,46.09
2024-12-10,NA,NA,Lincoln,0,40.8606363814325,-96.5982886186525,25.45,41.49
2024-12-11,NA,NA,Lincoln,0,40.8606363814325,-96.5982886186525,19.76,29.93
2024-12-12,NA,NA,Lincoln,0,40.8606363814325,-96.5982886186525,16.38,25.63
2024-12-13,NA,NA,Lincoln,0,40.8606363814325,-96.5982886186525,13.89,29.79
2024-12-14,NA,NA,Lincoln,0,40.8606363814325,-96.5982886186525,30.76,35.35
2024-12-15,NA,NA,Lincoln,0,40.8606363814325,-96.5982886186525,28.47,44.87
2024-12-16,NA,NA,Lincoln,0,40.8606363814325,-96.5982886186525,29.52,48.7
2024-12-17,NA,NA,Lincoln,0,40.8606363814325,-96.5982886186525,28.08,35.11
2024-12-18,NA,NA,Lincoln,0,40.8606363814325,-96.5982886186525,24.22,34
2024-12-19,NA,NA,Lincoln,0.495000000000005,40.8606363814325,-96.5982886186525,18.07,50.99
2024-12-20,NA,NA,Lincoln,0,40.8606363814325,-96.5982886186525,12.11,24.33
2024-12-21,NA,NA,Lincoln,0,40.8606363814325,-96.5982886186525,15.08,36.43
2024-12-22,NA,NA,Lincoln,0,40.8606363814325,-96.5982886186525,25.65,47.98
2024-12-23,NA,NA,Lincoln,0,40.8606363814325,-96.5982886186525,27.32,46.72
2024-12-24,NA,NA,Lincoln,0,40.8606363814325,-96.5982886186525,25.93,35.67
2024-12-25,NA,NA,Lincoln,0,40.8606363814325,-96.5982886186525,27.46,37.22
2024-12-26,NA,NA,Lincoln,0,40.8606363814325,-96.5982886186525,32.11,40.5
2024-12-27,NA,NA,Lincoln,0,40.8606363814325,-96.5982886186525,32.47,39.61
2024-12-28,NA,NA,Lincoln,1.055,40.8606363814325,-96.5982886186525,30.22,52.11
2024-12-29,NA,NA,Lincoln,0.18,40.8606363814325,-96.5982886186525,31.32,50.36
2024-12-30,NA,NA,Lincoln,0,40.8606363814325,-96.5982886186525,32.83,39.27
2024-12-31,NA,NA,Lincoln,0,40.8606363814325,-96.5982886186525,20.97,33.62
2024-01-01,NA,NA,Clearwater,0,42.204116,-98.246518,13.73,36.84
2024-01-02,NA,NA,Clearwater,0,42.204116,-98.246518,23.63,38.07
2024-01-03,NA,NA,Clearwater,0,42.204116,-98.246518,18.93,32.68
2024-01-04,NA,NA,Clearwater,0,42.204116,-98.246518,17.78,32.07
2024-01-05,NA,NA,Clearwater,0,42.204116,-98.246518,26.46,33.15
2024-01-06,NA,NA,Clearwater,0,42.204116,-98.246518,17.82,30.43
2024-01-07,NA,NA,Clearwater,0,42.204116,-98.246518,13.66,33.85
2024-01-08,NA,NA,Clearwater,0,42.204116,-98.246518,16.77,26.29
2024-01-09,NA,NA,Clearwater,0,42.204116,-98.246518,9.52,23.72
2024-01-10,NA,NA,Clearwater,0,42.204116,-98.246518,14.07,32.83
2024-01-11,NA,NA,Clearwater,0,42.204116,-98.246518,1.87,11.55
2024-01-12,NA,NA,Clearwater,0,42.204116,-98.246518,-5.93,2.32
2024-01-13,NA,NA,Clearwater,0,42.204116,-98.246518,-25.11,-6.54
2024-01-14,NA,NA,Clearwater,0,42.204116,-98.246518,-26.88,-6.68
2024-01-15,NA,NA,Clearwater,0,42.204116,-98.246518,-14.3,-1.77
2024-01-16,NA,NA,Clearwater,0,42.204116,-98.246518,-11.88,15.19
2024-01-17,NA,NA,Clearwater,0,42.204116,-98.246518,4.41,23.86
2024-01-18,NA,NA,Clearwater,0,42.204116,-98.246518,-4.67,10.51
2024-01-19,NA,NA,Clearwater,0,42.204116,-98.246518,-8.54,6.33
2024-01-20,NA,NA,Clearwater,0,42.204116,-98.246518,-12.06,7.45
2024-01-21,NA,NA,Clearwater,0,42.204116,-98.246518,1.08,26.06
2024-01-22,NA,NA,Clearwater,0,42.204116,-98.246518,21.87,31.78
2024-01-23,NA,NA,Clearwater,0,42.204116,-98.246518,21.81,31.55
2024-01-24,NA,NA,Clearwater,0,42.204116,-98.246518,22.82,34.59
2024-01-25,NA,NA,Clearwater,0,42.204116,-98.246518,24.91,32.74
2024-01-26,NA,NA,Clearwater,0,42.204116,-98.246518,23.79,34.45
2024-01-27,NA,NA,Clearwater,0,42.204116,-98.246518,26.67,41.07
2024-01-28,NA,NA,Clearwater,0,42.204116,-98.246518,24.62,46.58
2024-01-29,NA,NA,Clearwater,2.285,42.204116,-98.246518,32.34,54.57
2024-01-30,NA,NA,Clearwater,0,42.204116,-98.246518,31.96,48.7
2024-01-31,NA,NA,Clearwater,5.94,42.204116,-98.246518,32.97,61.88
2024-02-01,NA,NA,Clearwater,1.835,42.204116,-98.246518,31.69,53.67
2024-02-02,NA,NA,Clearwater,0,42.204116,-98.246518,34.57,46.35
2024-02-03,NA,NA,Clearwater,0,42.204116,-98.246518,35.74,39.92
2024-02-04,NA,NA,Clearwater,0,42.204116,-98.246518,30.11,40.05
2024-02-05,NA,NA,Clearwater,0.189999999999998,42.204116,-98.246518,29.53,50.38
2024-02-06,NA,NA,Clearwater,3.5,42.204116,-98.246518,32.43,57
2024-02-07,NA,NA,Clearwater,2.5,42.204116,-98.246518,38.93,55
2024-02-08,NA,NA,Clearwater,0,42.204116,-98.246518,29.91,45.72
2024-02-09,NA,NA,Clearwater,0,42.204116,-98.246518,25.27,40.89
2024-02-10,NA,NA,Clearwater,0,42.204116,-98.246518,23.59,34.84
2024-02-11,NA,NA,Clearwater,0,42.204116,-98.246518,25.61,42.78
2024-02-12,NA,NA,Clearwater,0,42.204116,-98.246518,27,48.6
2024-02-13,NA,NA,Clearwater,0.649999999999999,42.204116,-98.246518,29.88,51.3
2024-02-14,NA,NA,Clearwater,0.370000000000005,42.204116,-98.246518,23.36,50.74
2024-02-15,NA,NA,Clearwater,0,42.204116,-98.246518,21.49,34.36
2024-02-16,NA,NA,Clearwater,0,42.204116,-98.246518,12.61,25.21
2024-02-17,NA,NA,Clearwater,0,42.204116,-98.246518,7.99,36.21
2024-02-18,NA,NA,Clearwater,0,42.204116,-98.246518,20.21,42.8
2024-02-19,NA,NA,Clearwater,0.280000000000001,42.204116,-98.246518,26.76,50.56
2024-02-20,NA,NA,Clearwater,5.965,42.204116,-98.246518,29.75,61.93
2024-02-21,NA,NA,Clearwater,3.85,42.204116,-98.246518,32.54,57.7
2024-02-22,NA,NA,Clearwater,2.25,42.204116,-98.246518,34,54.5
2024-02-23,NA,NA,Clearwater,2.15,42.204116,-98.246518,28.36,54.3
2024-02-24,NA,NA,Clearwater,5.14,42.204116,-98.246518,25.75,60.28
2024-02-25,NA,NA,Clearwater,4.355,42.204116,-98.246518,32.52,58.71
2024-02-26,NA,NA,Clearwater,10.595,42.204116,-98.246518,38.97,71.19
2024-02-27,NA,NA,Clearwater,0,42.204116,-98.246518,13.19,42.91
2024-02-28,NA,NA,Clearwater,0,42.204116,-98.246518,13.01,39.18
2024-02-29,NA,NA,Clearwater,3.485,42.204116,-98.246518,27.48,56.97
2024-03-01,NA,NA,Clearwater,7.535,42.204116,-98.246518,29.19,65.07
2024-03-02,NA,NA,Clearwater,6.58,42.204116,-98.246518,34.16,63.16
2024-03-03,NA,NA,Clearwater,4.535,42.204116,-98.246518,39.92,59.07
2024-03-04,NA,NA,Clearwater,0.350000000000001,42.204116,-98.246518,28.27,50.7
2024-03-05,NA,NA,Clearwater,1.88,42.204116,-98.246518,24.71,53.76
2024-03-06,NA,NA,Clearwater,3.565,42.204116,-98.246518,32.76,57.13
2024-03-07,NA,NA,Clearwater,0,42.204116,-98.246518,28.24,44.6
2024-03-08,NA,NA,Clearwater,0,42.204116,-98.246518,25.36,43.5
2024-03-09,NA,NA,Clearwater,0,42.204116,-98.246518,25.48,49.78
2024-03-10,NA,NA,Clearwater,9.46,42.204116,-98.246518,28.6,68.92
2024-03-11,NA,NA,Clearwater,11.14,42.204116,-98.246518,35.56,72.28
2024-03-12,NA,NA,Clearwater,6.65,42.204116,-98.246518,41.31,63.3
2024-03-13,NA,NA,Clearwater,4.07,42.204116,-98.246518,41.31,58.14
2024-03-14,NA,NA,Clearwater,0.640000000000001,42.204116,-98.246518,41.49,51.28
2024-03-15,NA,NA,Clearwater,2.485,42.204116,-98.246518,29.95,54.97
2024-03-16,NA,NA,Clearwater,0.0900000000000034,42.204116,-98.246518,31.24,50.18
2024-03-17,NA,NA,Clearwater,0,42.204116,-98.246518,19.99,34.63
2024-03-18,NA,NA,Clearwater,0,42.204116,-98.246518,19.04,43.47
2024-03-19,NA,NA,Clearwater,5.85,42.204116,-98.246518,34.05,61.7
2024-03-20,NA,NA,Clearwater,0,42.204116,-98.246518,25.86,41.58
2024-03-21,NA,NA,Clearwater,1.745,42.204116,-98.246518,25.9,53.49
2024-03-22,NA,NA,Clearwater,0,42.204116,-98.246518,24.37,39.36
2024-03-23,NA,NA,Clearwater,0,42.204116,-98.246518,23.85,39.74
2024-03-24,NA,NA,Clearwater,0,42.204116,-98.246518,27.84,44.65
2024-03-25,NA,NA,Clearwater,0,42.204116,-98.246518,21,28.98
2024-03-26,NA,NA,Clearwater,0,42.204116,-98.246518,9.36,29.21
2024-03-27,NA,NA,Clearwater,0,42.204116,-98.246518,9.43,39.52
2024-03-28,NA,NA,Clearwater,0.855000000000004,42.204116,-98.246518,26.44,51.71
2024-03-29,NA,NA,Clearwater,3.455,42.204116,-98.246518,35.37,56.91
2024-03-30,NA,NA,Clearwater,0,42.204116,-98.246518,29.52,48.54
2024-03-31,NA,NA,Clearwater,1.53,42.204116,-98.246518,32.38,53.06
2024-04-01,NA,NA,Clearwater,0,42.204116,-98.246518,30.69,41.36
2024-04-02,NA,NA,Clearwater,0.405000000000001,42.204116,-98.246518,27.79,50.81
2024-04-03,NA,NA,Clearwater,0.155000000000001,42.204116,-98.246518,27.91,50.31
2024-04-04,NA,NA,Clearwater,4.195,42.204116,-98.246518,27.95,58.39
2024-04-05,NA,NA,Clearwater,6.185,42.204116,-98.246518,29.59,62.37
2024-04-06,NA,NA,Clearwater,6.975,42.204116,-98.246518,36.75,63.95
2024-04-07,NA,NA,Clearwater,1.96,42.204116,-98.246518,41.27,53.92
2024-04-08,NA,NA,Clearwater,4.105,42.204116,-98.246518,36.61,58.21
2024-04-09,NA,NA,Clearwater,7.91,42.204116,-98.246518,34.52,65.82
2024-04-10,NA,NA,Clearwater,9.045,42.204116,-98.246518,40.96,68.09
2024-04-11,NA,NA,Clearwater,3.715,42.204116,-98.246518,36.48,57.43
2024-04-12,NA,NA,Clearwater,8.73,42.204116,-98.246518,33.06,67.46
2024-04-13,NA,NA,Clearwater,15.23,42.204116,-98.246518,44.98,80.46
2024-04-14,NA,NA,Clearwater,16.255,42.204116,-98.246518,53.01,79.5
2024-04-15,NA,NA,Clearwater,15.67,42.204116,-98.246518,49.17,81.34
2024-04-16,NA,NA,Clearwater,9.35,42.204116,-98.246518,48.76,68.7
2024-04-17,NA,NA,Clearwater,7.57,42.204116,-98.246518,36.41,65.14
2024-04-18,NA,NA,Clearwater,0,42.204116,-98.246518,32.41,49.78
2024-04-19,NA,NA,Clearwater,0.385000000000005,42.204116,-98.246518,27.91,50.77
2024-04-20,NA,NA,Clearwater,0,42.204116,-98.246518,25.75,48.67
2024-04-21,NA,NA,Clearwater,5.14,42.204116,-98.246518,28.13,60.28
2024-04-22,NA,NA,Clearwater,9.72,42.204116,-98.246518,40.73,69.44
2024-04-23,NA,NA,Clearwater,6.985,42.204116,-98.246518,43.27,63.97
2024-04-24,NA,NA,Clearwater,9.53,42.204116,-98.246518,39.92,69.06
2024-04-25,NA,NA,Clearwater,5.93,42.204116,-98.246518,48.16,61.86
2024-04-26,NA,NA,Clearwater,10.72,42.204116,-98.246518,50.25,71.19
2024-04-27,NA,NA,Clearwater,3.59,42.204116,-98.246518,46.17,57.18
2024-04-28,NA,NA,Clearwater,0.414999999999999,42.204116,-98.246518,38.14,50.83
2024-04-29,NA,NA,Clearwater,9.65,42.204116,-98.246518,35.85,69.3
2024-04-30,NA,NA,Clearwater,12.005,42.204116,-98.246518,44.69,74.01
2024-05-01,NA,NA,Clearwater,7.94,42.204116,-98.246518,42.21,65.88
2024-05-02,NA,NA,Clearwater,7.175,42.204116,-98.246518,40.44,64.35
2024-05-03,NA,NA,Clearwater,9.835,42.204116,-98.246518,37.6,69.67
2024-05-04,NA,NA,Clearwater,4.705,42.204116,-98.246518,36.05,59.41
2024-05-05,NA,NA,Clearwater,8.435,42.204116,-98.246518,37.65,66.87
2024-05-06,NA,NA,Clearwater,10.015,42.204116,-98.246518,48.31,70.03
2024-05-07,NA,NA,Clearwater,8.395,42.204116,-98.246518,45.73,66.79
2024-05-08,NA,NA,Clearwater,9.25,42.204116,-98.246518,43.03,68.5
2024-05-09,NA,NA,Clearwater,8.3,42.204116,-98.246518,43.39,66.6
2024-05-10,NA,NA,Clearwater,11.34,42.204116,-98.246518,48.52,72.68
2024-05-11,NA,NA,Clearwater,14.905,42.204116,-98.246518,47.71,79.81
2024-05-12,NA,NA,Clearwater,14.025,42.204116,-98.246518,56.25,71.8
2024-05-13,NA,NA,Clearwater,13.81,42.204116,-98.246518,54.54,73.08
2024-05-14,NA,NA,Clearwater,12.945,42.204116,-98.246518,50.92,74.97
2024-05-15,NA,NA,Clearwater,10.79,42.204116,-98.246518,49.44,71.58
2024-05-16,NA,NA,Clearwater,13.365,42.204116,-98.246518,48,76.73
2024-05-17,NA,NA,Clearwater,21.365,42.204116,-98.246518,56.73,87.46
2024-05-18,NA,NA,Clearwater,14.435,42.204116,-98.246518,53.58,75.29
2024-05-19,NA,NA,Clearwater,11.575,42.204116,-98.246518,51.21,71.94
2024-05-20,NA,NA,Clearwater,17.505,42.204116,-98.246518,58.37,76.64
2024-05-21,NA,NA,Clearwater,4.365,42.204116,-98.246518,50.05,58.68
2024-05-22,NA,NA,Clearwater,9.81,42.204116,-98.246518,49.73,69.62
2024-05-23,NA,NA,Clearwater,15.12,42.204116,-98.246518,52.07,78.17
2024-05-24,NA,NA,Clearwater,8.235,42.204116,-98.246518,47.41,66.47
2024-05-25,NA,NA,Clearwater,11.375,42.204116,-98.246518,47.01,72.75
2024-05-26,NA,NA,Clearwater,13.355,42.204116,-98.246518,54.12,72.59
2024-05-27,NA,NA,Clearwater,12.42,42.204116,-98.246518,51.64,73.2
2024-05-28,NA,NA,Clearwater,12.605,42.204116,-98.246518,50.59,74.62
2024-05-29,NA,NA,Clearwater,14.195,42.204116,-98.246518,47.59,78.39
2024-05-30,NA,NA,Clearwater,17.415,42.204116,-98.246518,60.89,73.94
2024-05-31,NA,NA,Clearwater,12.31,42.204116,-98.246518,55.54,69.08
2024-06-01,NA,NA,Clearwater,14.23,42.204116,-98.246518,53.19,75.27
2024-06-02,NA,NA,Clearwater,21.09,42.204116,-98.246518,60.73,81.45
2024-06-03,NA,NA,Clearwater,22.86,42.204116,-98.246518,61.59,84.13
2024-06-04,NA,NA,Clearwater,16.29,42.204116,-98.246518,55.96,76.62
2024-06-05,NA,NA,Clearwater,18.67,42.204116,-98.246518,52.74,84.6
2024-06-06,NA,NA,Clearwater,15.68,42.204116,-98.246518,53.1,78.26
2024-06-07,NA,NA,Clearwater,21.32,42.204116,-98.246518,58.19,84.45
2024-06-08,NA,NA,Clearwater,16.76,42.204116,-98.246518,59.2,74.32
2024-06-09,NA,NA,Clearwater,16.02,42.204116,-98.246518,53.56,78.48
2024-06-10,NA,NA,Clearwater,17.215,42.204116,-98.246518,53.78,80.65
2024-06-11,NA,NA,Clearwater,23.545,42.204116,-98.246518,63.21,83.88
2024-06-12,NA,NA,Clearwater,27.55,42.204116,-98.246518,69.1,93.69
2024-06-13,NA,NA,Clearwater,22.815,42.204116,-98.246518,64.06,81.57
2024-06-14,NA,NA,Clearwater,20.84,42.204116,-98.246518,59.41,82.27
2024-06-15,NA,NA,Clearwater,23.02,42.204116,-98.246518,67.28,78.76
2024-06-16,NA,NA,Clearwater,23.5,42.204116,-98.246518,64.22,82.78
2024-06-17,NA,NA,Clearwater,26.775,42.204116,-98.246518,70.14,83.41
2024-06-18,NA,NA,Clearwater,18.135,42.204116,-98.246518,57.36,78.91
2024-06-19,NA,NA,Clearwater,11.955,42.204116,-98.246518,54.99,68.92
2024-06-20,NA,NA,Clearwater,18.87,42.204116,-98.246518,58.98,78.76
2024-06-21,NA,NA,Clearwater,26.875,42.204116,-98.246518,67.75,86.29
2024-06-22,NA,NA,Clearwater,24.855,42.204116,-98.246518,66.43,83.28
2024-06-23,NA,NA,Clearwater,24.55,42.204116,-98.246518,63.1,88.72
2024-06-24,NA,NA,Clearwater,27.835,42.204116,-98.246518,69.67,97.32
2024-06-25,NA,NA,Clearwater,28.82,42.204116,-98.246518,71.64,86.41
2024-06-26,NA,NA,Clearwater,24.7,42.204116,-98.246518,66.33,83.07
2024-06-27,NA,NA,Clearwater,22.84,42.204116,-98.246518,65.73,79.95
2024-06-28,NA,NA,Clearwater,24.95,42.204116,-98.246518,65.48,84.42
2024-06-29,NA,NA,Clearwater,14.785,42.204116,-98.246518,56.37,73.2
2024-06-30,NA,NA,Clearwater,14.1,42.204116,-98.246518,53.02,75.18
2024-07-01,NA,NA,Clearwater,19.295,42.204116,-98.246518,60.62,77.97
2024-07-02,NA,NA,Clearwater,18.45,42.204116,-98.246518,61.92,74.98
2024-07-03,NA,NA,Clearwater,22.005,42.204116,-98.246518,59.86,84.15
2024-07-04,NA,NA,Clearwater,18.45,42.204116,-98.246518,60.4,76.5
2024-07-05,NA,NA,Clearwater,16.92,42.204116,-98.246518,57.04,76.8
2024-07-06,NA,NA,Clearwater,19.5,42.204116,-98.246518,59.43,79.57
2024-07-07,NA,NA,Clearwater,17.225,42.204116,-98.246518,59.72,74.73
2024-07-08,NA,NA,Clearwater,18.685,42.204116,-98.246518,56.93,80.44
2024-07-09,NA,NA,Clearwater,21.97,42.204116,-98.246518,59.7,84.24
2024-07-10,NA,NA,Clearwater,24.38,42.204116,-98.246518,65.28,83.48
2024-07-11,NA,NA,Clearwater,21.925,42.204116,-98.246518,60.82,83.03
2024-07-12,NA,NA,Clearwater,25.03,42.204116,-98.246518,64.06,86.05
2024-07-13,NA,NA,Clearwater,26.56,42.204116,-98.246518,67.12,90.48
2024-07-14,NA,NA,Clearwater,27.91,42.204116,-98.246518,69.82,92.8
2024-07-15,NA,NA,Clearwater,27.71,42.204116,-98.246518,69.42,90.68
2024-07-16,NA,NA,Clearwater,23.525,42.204116,-98.246518,64.58,82.47
2024-07-17,NA,NA,Clearwater,21.385,42.204116,-98.246518,62.44,80.33
2024-07-18,NA,NA,Clearwater,21.08,42.204116,-98.246518,59.74,82.42
2024-07-19,NA,NA,Clearwater,24.045,42.204116,-98.246518,63.82,84.27
2024-07-20,NA,NA,Clearwater,21.815,42.204116,-98.246518,64.18,79.45
2024-07-21,NA,NA,Clearwater,21.04,42.204116,-98.246518,61.21,80.87
2024-07-22,NA,NA,Clearwater,22.735,42.204116,-98.246518,63.95,81.52
2024-07-23,NA,NA,Clearwater,24.455,42.204116,-98.246518,62.91,86.04
2024-07-24,NA,NA,Clearwater,25.495,42.204116,-98.246518,64.99,90.61
2024-07-25,NA,NA,Clearwater,26.92,42.204116,-98.246518,67.84,91.92
2024-07-26,NA,NA,Clearwater,26.36,42.204116,-98.246518,66.72,90.3
2024-07-27,NA,NA,Clearwater,27.305,42.204116,-98.246518,68.61,87.96
2024-07-28,NA,NA,Clearwater,27.82,42.204116,-98.246518,69.64,89.83
2024-07-29,NA,NA,Clearwater,26.965,42.204116,-98.246518,67.93,92.41
2024-07-30,NA,NA,Clearwater,27.82,42.204116,-98.246518,69.64,91.98
2024-07-31,NA,NA,Clearwater,28.53,42.204116,-98.246518,71.06,94.41
2024-08-01,NA,NA,Clearwater,24.28,42.204116,-98.246518,62.56,89.38
2024-08-02,NA,NA,Clearwater,26.955,42.204116,-98.246518,67.91,95.09
2024-08-03,NA,NA,Clearwater,28.195,42.204116,-98.246518,70.39,96.49
2024-08-04,NA,NA,Clearwater,29.18,42.204116,-98.246518,72.36,99.07
2024-08-05,NA,NA,Clearwater,26.615,42.204116,-98.246518,67.23,97
2024-08-06,NA,NA,Clearwater,21.33,42.204116,-98.246518,60.78,81.88
2024-08-07,NA,NA,Clearwater,23.195,42.204116,-98.246518,60.39,88.74
2024-08-08,NA,NA,Clearwater,16.475,42.204116,-98.246518,57.97,74.98
2024-08-09,NA,NA,Clearwater,14.265,42.204116,-98.246518,52.27,76.26
2024-08-10,NA,NA,Clearwater,15.36,42.204116,-98.246518,54.75,75.97
2024-08-11,NA,NA,Clearwater,18.215,42.204116,-98.246518,57.7,78.73
2024-08-12,NA,NA,Clearwater,22.755,42.204116,-98.246518,62.8,82.71
2024-08-13,NA,NA,Clearwater,22.085,42.204116,-98.246518,59.99,84.18
2024-08-14,NA,NA,Clearwater,24.255,42.204116,-98.246518,67.24,81.27
2024-08-15,NA,NA,Clearwater,25,42.204116,-98.246518,64.09,85.91
2024-08-16,NA,NA,Clearwater,25.155,42.204116,-98.246518,64.31,88.32
2024-08-17,NA,NA,Clearwater,23.84,42.204116,-98.246518,62.08,85.6
2024-08-18,NA,NA,Clearwater,20.095,42.204116,-98.246518,63.82,76.37
2024-08-19,NA,NA,Clearwater,23.355,42.204116,-98.246518,61.56,85.15
2024-08-20,NA,NA,Clearwater,20.775,42.204116,-98.246518,61.36,80.19
2024-08-21,NA,NA,Clearwater,24.455,42.204116,-98.246518,64.17,84.74
2024-08-22,NA,NA,Clearwater,24.67,42.204116,-98.246518,63.34,86.92
2024-08-23,NA,NA,Clearwater,25.355,42.204116,-98.246518,64.71,86.11
2024-08-24,NA,NA,Clearwater,25.155,42.204116,-98.246518,64.31,92.19
2024-08-25,NA,NA,Clearwater,28.215,42.204116,-98.246518,70.43,102.29
2024-08-26,NA,NA,Clearwater,30.195,42.204116,-98.246518,74.39,98.83
2024-08-27,NA,NA,Clearwater,27.61,42.204116,-98.246518,69.22,86.83
2024-08-28,NA,NA,Clearwater,26.795,42.204116,-98.246518,67.59,93.67
2024-08-29,NA,NA,Clearwater,23.525,42.204116,-98.246518,61.05,87.75
2024-08-30,NA,NA,Clearwater,21.095,42.204116,-98.246518,59.36,82.83
2024-08-31,NA,NA,Clearwater,22.455,42.204116,-98.246518,58.91,91.8
2024-09-01,NA,NA,Clearwater,20.88,42.204116,-98.246518,60.06,81.7
2024-09-02,NA,NA,Clearwater,18.27,42.204116,-98.246518,55.38,81.16
2024-09-03,NA,NA,Clearwater,20.885,42.204116,-98.246518,57.52,84.25
2024-09-04,NA,NA,Clearwater,22.76,42.204116,-98.246518,59.52,93.87
2024-09-05,NA,NA,Clearwater,21.67,42.204116,-98.246518,59.9,83.44
2024-09-06,NA,NA,Clearwater,17.1,42.204116,-98.246518,56.26,77.94
2024-09-07,NA,NA,Clearwater,14.725,42.204116,-98.246518,50.58,78.87
2024-09-08,NA,NA,Clearwater,19.77,42.204116,-98.246518,54.21,85.33
2024-09-09,NA,NA,Clearwater,24.005,42.204116,-98.246518,62.01,93.34
2024-09-10,NA,NA,Clearwater,27.47,42.204116,-98.246518,68.94,94.23
2024-09-11,NA,NA,Clearwater,24.46,42.204116,-98.246518,62.92,91.98
2024-09-12,NA,NA,Clearwater,24.325,42.204116,-98.246518,62.65,86.95
2024-09-13,NA,NA,Clearwater,23.885,42.204116,-98.246518,61.77,87.15
2024-09-14,NA,NA,Clearwater,22.735,42.204116,-98.246518,60.71,84.76
2024-09-15,NA,NA,Clearwater,25.39,42.204116,-98.246518,64.78,89.87
2024-09-16,NA,NA,Clearwater,26.9,42.204116,-98.246518,67.8,87.57
2024-09-17,NA,NA,Clearwater,27.215,42.204116,-98.246518,68.43,90.19
2024-09-18,NA,NA,Clearwater,27.755,42.204116,-98.246518,69.51,87.87
2024-09-19,NA,NA,Clearwater,25.48,42.204116,-98.246518,64.96,87.94
2024-09-20,NA,NA,Clearwater,23.22,42.204116,-98.246518,60.44,91.56
2024-09-21,NA,NA,Clearwater,20.72,42.204116,-98.246518,60.98,80.46
2024-09-22,NA,NA,Clearwater,12.6,42.204116,-98.246518,53.98,71.22
2024-09-23,NA,NA,Clearwater,12.78,42.204116,-98.246518,48.31,75.56
2024-09-24,NA,NA,Clearwater,15.975,42.204116,-98.246518,56.26,75.69
2024-09-25,NA,NA,Clearwater,19.045,42.204116,-98.246518,54.03,84.06
2024-09-26,NA,NA,Clearwater,20.825,42.204116,-98.246518,55.65,86.59
2024-09-27,NA,NA,Clearwater,21.52,42.204116,-98.246518,57.04,89.65
2024-09-28,NA,NA,Clearwater,21.53,42.204116,-98.246518,57.06,90.68
2024-09-29,NA,NA,Clearwater,22.87,42.204116,-98.246518,59.74,89.6
2024-09-30,NA,NA,Clearwater,16.49,42.204116,-98.246518,52.72,80.26
2024-10-01,NA,NA,Clearwater,10.36,42.204116,-98.246518,44.26,70.72
2024-10-02,NA,NA,Clearwater,18.1,42.204116,-98.246518,50.2,88.23
2024-10-03,NA,NA,Clearwater,13.22,42.204116,-98.246518,51.19,75.25
2024-10-04,NA,NA,Clearwater,12.475,42.204116,-98.246518,45.1,74.95
2024-10-05,NA,NA,Clearwater,15.855,42.204116,-98.246518,53.13,78.58
2024-10-06,NA,NA,Clearwater,10.045,42.204116,-98.246518,48.43,70.09
2024-10-07,NA,NA,Clearwater,12.42,42.204116,-98.246518,43.84,74.84
2024-10-08,NA,NA,Clearwater,16.135,42.204116,-98.246518,48.92,82.27
2024-10-09,NA,NA,Clearwater,17,42.204116,-98.246518,51.4,82.6
2024-10-10,NA,NA,Clearwater,19.45,42.204116,-98.246518,53.6,85.3
2024-10-11,NA,NA,Clearwater,15.435,42.204116,-98.246518,54.82,76.05
2024-10-12,NA,NA,Clearwater,11.41,42.204116,-98.246518,47.64,72.82
2024-10-13,NA,NA,Clearwater,4.07,42.204116,-98.246518,40.96,58.14
2024-10-14,NA,NA,Clearwater,6.985,42.204116,-98.246518,39.42,63.97
2024-10-15,NA,NA,Clearwater,2.89,42.204116,-98.246518,34.84,55.78
2024-10-16,NA,NA,Clearwater,6.535,42.204116,-98.246518,34,63.07
2024-10-17,NA,NA,Clearwater,13.015,42.204116,-98.246518,46.45,76.03
2024-10-18,NA,NA,Clearwater,10.785,42.204116,-98.246518,53.55,68.02
2024-10-19,NA,NA,Clearwater,13.05,42.204116,-98.246518,53.13,72.97
2024-10-20,NA,NA,Clearwater,19.25,42.204116,-98.246518,56.53,81.97
2024-10-21,NA,NA,Clearwater,17.29,42.204116,-98.246518,55.62,78.96
2024-10-22,NA,NA,Clearwater,13.44,42.204116,-98.246518,50.76,76.12
2024-10-23,NA,NA,Clearwater,8.72,42.204116,-98.246518,43.57,67.44
2024-10-24,NA,NA,Clearwater,8.755,42.204116,-98.246518,44.65,67.51
2024-10-25,NA,NA,Clearwater,5.14,42.204116,-98.246518,38.61,60.28
2024-10-26,NA,NA,Clearwater,4.87,42.204116,-98.246518,35.94,59.74
2024-10-27,NA,NA,Clearwater,10.43,42.204116,-98.246518,39.45,70.86
2024-10-28,NA,NA,Clearwater,11.38,42.204116,-98.246518,51.12,71.64
2024-10-29,NA,NA,Clearwater,11.54,42.204116,-98.246518,47.64,73.08
2024-10-30,NA,NA,Clearwater,0,42.204116,-98.246518,37.35,48.56
2024-10-31,NA,NA,Clearwater,2.51,42.204116,-98.246518,34.57,55.02
2024-11-01,NA,NA,Clearwater,5.58,42.204116,-98.246518,37.24,61.16
2024-11-02,NA,NA,Clearwater,5.23,42.204116,-98.246518,38.68,60.46
2024-11-03,NA,NA,Clearwater,8.945,42.204116,-98.246518,46.04,67.89
2024-11-04,NA,NA,Clearwater,1.52,42.204116,-98.246518,40.62,53.04
2024-11-05,NA,NA,Clearwater,2.545,42.204116,-98.246518,37.71,55.09
2024-11-06,NA,NA,Clearwater,0.789999999999999,42.204116,-98.246518,37.11,51.58
2024-11-07,NA,NA,Clearwater,1.64,42.204116,-98.246518,30.16,53.28
2024-11-08,NA,NA,Clearwater,2.275,42.204116,-98.246518,37.62,54.55
2024-11-09,NA,NA,Clearwater,0,42.204116,-98.246518,36.66,47.48
2024-11-10,NA,NA,Clearwater,4.435,42.204116,-98.246518,35.92,58.87
2024-11-11,NA,NA,Clearwater,0,42.204116,-98.246518,34.29,47.93
2024-11-12,NA,NA,Clearwater,4.67,42.204116,-98.246518,31.77,59.34
2024-11-13,NA,NA,Clearwater,1.295,42.204116,-98.246518,36.84,52.59
2024-11-14,NA,NA,Clearwater,6.21,42.204116,-98.246518,32.18,62.42
2024-11-15,NA,NA,Clearwater,7.515,42.204116,-98.246518,37.11,65.03
2024-11-16,NA,NA,Clearwater,5.545,42.204116,-98.246518,40.39,61.09
2024-11-17,NA,NA,Clearwater,4.355,42.204116,-98.246518,32.85,58.71
2024-11-18,NA,NA,Clearwater,0,42.204116,-98.246518,35.73,48.38
2024-11-19,NA,NA,Clearwater,0,42.204116,-98.246518,33.17,47.1
2024-11-20,NA,NA,Clearwater,0,42.204116,-98.246518,26.92,44.35
2024-11-21,NA,NA,Clearwater,0,42.204116,-98.246518,21.88,37.71
2024-11-22,NA,NA,Clearwater,0,42.204116,-98.246518,25.72,48.49
2024-11-23,NA,NA,Clearwater,0,42.204116,-98.246518,29.25,50
2024-11-24,NA,NA,Clearwater,0,42.204116,-98.246518,25.72,42.78
2024-11-25,NA,NA,Clearwater,0,42.204116,-98.246518,21,35.51
2024-11-26,NA,NA,Clearwater,0,42.204116,-98.246518,26.17,39.16
2024-11-27,NA,NA,Clearwater,0,42.204116,-98.246518,23.63,34.84
2024-11-28,NA,NA,Clearwater,0,42.204116,-98.246518,19.15,28.35
2024-11-29,NA,NA,Clearwater,0,42.204116,-98.246518,15.73,30.22
2024-11-30,NA,NA,Clearwater,0,42.204116,-98.246518,14.41,27.72
2024-12-01,NA,NA,Clearwater,0,42.204116,-98.246518,14.31,30.97
2024-12-02,NA,NA,Clearwater,0,42.204116,-98.246518,12.85,21
2024-12-03,NA,NA,Clearwater,0,42.204116,-98.246518,14.38,41.88
2024-12-04,NA,NA,Clearwater,0,42.204116,-98.246518,17.19,44.1
2024-12-05,NA,NA,Clearwater,0,42.204116,-98.246518,10.83,25.93
2024-12-06,NA,NA,Clearwater,0,42.204116,-98.246518,20.98,46.42
2024-12-07,NA,NA,Clearwater,1.42,42.204116,-98.246518,33.44,52.84
2024-12-08,NA,NA,Clearwater,3.565,42.204116,-98.246518,32.94,57.13
2024-12-09,NA,NA,Clearwater,0,42.204116,-98.246518,28.13,40.08
2024-12-10,NA,NA,Clearwater,0,42.204116,-98.246518,24.12,37.72
2024-12-11,NA,NA,Clearwater,0,42.204116,-98.246518,15.76,24.13
2024-12-12,NA,NA,Clearwater,0,42.204116,-98.246518,14.59,23.94
2024-12-13,NA,NA,Clearwater,0,42.204116,-98.246518,13.33,26.62
2024-12-14,NA,NA,Clearwater,0,42.204116,-98.246518,26.53,38.55
2024-12-15,NA,NA,Clearwater,0,42.204116,-98.246518,27.01,39.24
2024-12-16,NA,NA,Clearwater,0,42.204116,-98.246518,29.1,46.58
2024-12-17,NA,NA,Clearwater,0,42.204116,-98.246518,25.3,33.17
2024-12-18,NA,NA,Clearwater,0,42.204116,-98.246518,19.09,33.01
2024-12-19,NA,NA,Clearwater,0,42.204116,-98.246518,12.18,41.74
2024-12-20,NA,NA,Clearwater,0,42.204116,-98.246518,10.45,22.14
2024-12-21,NA,NA,Clearwater,0,42.204116,-98.246518,15.48,37.74
2024-12-22,NA,NA,Clearwater,0,42.204116,-98.246518,28.67,48.09
2024-12-23,NA,NA,Clearwater,0,42.204116,-98.246518,28.04,45.75
2024-12-24,NA,NA,Clearwater,0,42.204116,-98.246518,27.48,39.99
2024-12-25,NA,NA,Clearwater,0,42.204116,-98.246518,27.25,38.03
2024-12-26,NA,NA,Clearwater,0,42.204116,-98.246518,31.5,40.3
2024-12-27,NA,NA,Clearwater,0,42.204116,-98.246518,32.07,41.02
2024-12-28,NA,NA,Clearwater,0.935000000000002,42.204116,-98.246518,30.49,51.87
2024-12-29,NA,NA,Clearwater,1.09,42.204116,-98.246518,30.27,52.18
2024-12-30,NA,NA,Clearwater,0,42.204116,-98.246518,28.54,37.2
2024-12-31,NA,NA,Clearwater,0,42.204116,-98.246518,18.1,29.71
