Plot #,Schnable Row #,Schnable Range #,Weight (lb),Moisture (%),Test Weight (lb/bu),Correct Date/Time,# Ears Incorrectly Taken from the Middle 2 Rows
4001,2,2,12.04,12.8,59.2,10/23/23 13:55,0
4026,2,3,6.46,15.7,61.8,10/23/23 13:55,0
4051,2,4,13.22,12.5,55.5,10/23/23 13:55,0
4076,2,5,12.22,12.4,59.8,10/23/23 13:56,0
4101,2,6,10.45,9.23,53.2,10/23/23 13:56,0
4126,2,7,13.13,11.2,56.9,10/23/23 13:56,0
4151,2,8,10.52,10.3,56.2,10/23/23 13:57,0
4176,2,9,8.54,12.4,61.4,10/23/23 13:57,0
4201,2,10,9.66,13.2,60.8,10/23/23 13:57,0
4226,2,11,10.79,13.3,60.1,10/23/23 13:58,0
Border,2,12,16.04,14.4,61.3,10/23/23 13:58,0
5001,2,13,11.72,14.4,61.1,10/23/23 13:58,0
5026,2,14,12.8,12.7,59.8,10/23/23 13:58,0
5051,2,15,10.82,14.6,59,10/23/23 13:59,0
5076,2,16,11.87,15.7,60.8,10/23/23 13:59,0
5101,2,17,9.44,12.9,59,10/23/23 13:59,0
5126,2,18,8.66,12.1,56.9,10/23/23 14:00,0
5151,2,19,12.47,11.7,56.6,10/23/23 14:00,0
5176,2,20,9.61,12.2,60.6,10/23/23 14:00,0
5201,2,21,11.42,13.4,61.5,10/23/23 14:01,0
5226,2,22,13.44,13.1,60.2,10/23/23 14:01,0
Border,2,23,12.79,12.8,59.3,10/23/23 14:01,0
6001,2,24,14.98,13.8,60.2,10/23/23 14:01,0
6026,2,25,15.36,12.8,56.2,10/23/23 14:02,0
6051,2,26,12.41,10.2,54.4,10/23/23 14:02,0
6076,2,27,11.68,12.4,58,10/23/23 14:02,0
6101,2,28,11.49,16.7,61.2,10/23/23 14:03,0
6126,2,29,16.98,13.7,61.1,10/23/23 14:03,0
6151,2,30,11.87,11.9,57.4,10/23/23 14:03,0
6176,2,31,10.19,11.8,58,10/23/23 14:04,0
6201,2,32,8.61,11.6,58,10/23/23 14:04,0
6226,2,33,10.66,14.3,61.1,10/23/23 14:04,0
Border,2,34,17.92,13.4,59.2,10/23/23 14:05,0
Border,3,34,15.74,12.2,58.1,10/23/23 14:05,0
6227,3,33,9.9,11.3,57.3,10/23/23 14:05,0
6202,3,32,11.72,11.9,54.5,10/23/23 14:06,0
6177,3,31,10.36,10.6,55.9,10/23/23 14:06,0
6152,3,30,6.76,13.3,57.7,10/23/23 14:07,0
6127,3,29,14.26,12.1,60.1,10/23/23 14:07,0
6102,3,28,9.27,11.5,59.4,10/23/23 14:07,0
6077,3,27,13.93,15.5,60,10/23/23 14:08,0
6052,3,26,11.87,11.9,59.1,10/23/23 14:08,0
6027,3,25,11,11.7,57.4,10/23/23 14:08,0
6002,3,24,13.85,13.2,59.7,10/23/23 14:09,0
Border,3,23,12.62,13.1,59.3,10/23/23 14:09,0
5227,3,22,12.9,12.7,59.4,10/23/23 14:09,0
5202,3,21,9.87,14,59.2,10/23/23 14:09,0
5177,3,20,6.89,15,60.9,10/23/23 14:10,0
5152,3,19,7.52,13.7,58.3,10/23/23 14:10,0
5127,3,18,10.8,11.8,57.6,10/23/23 14:10,0
5102,3,17,11.74,10.4,55.9,10/23/23 14:11,0
5077,3,16,10.24,13.3,57.7,10/23/23 14:11,0
5052,3,15,11.94,12.4,59.1,10/23/23 14:11,0
5027,3,14,10.25,13.5,59.4,10/23/23 14:11,0
5002,3,13,11.64,13.7,60,10/23/23 14:12,0
Border,3,12,10.7,12.7,59,10/23/23 14:12,0
4227,3,11,4.34,0,0,10/23/23 14:12,0
4202,3,10,4.27,0,0,10/23/23 14:13,0
4177,3,9,2.17,0,0,10/23/23 14:13,0
4152,3,8,10.41,10.3,56.9,10/23/23 14:13,0
4127,3,7,7.68,12.3,57.7,10/23/23 14:14,0
4102,3,6,9.99,12.4,59.4,10/23/23 14:14,0
4077,3,5,10.92,15.2,60.1,10/23/23 14:14,0
4052,3,4,8.41,11.9,58,10/23/23 14:15,0
4027,3,3,8.33,9.36,52.3,10/23/23 14:15,0
4002,3,2,4.41,0,0,10/23/23 14:15,0
4003,4,2,14.13,13.6,59.1,10/23/23 14:16,3
4028,4,3,10.67,13.1,60.4,10/23/23 14:16,4
4053,4,4,10.37,14.2,58.8,10/23/23 14:16,4
4078,4,5,13.33,15.2,61.1,10/23/23 14:17,4
4103,4,6,12.49,13.2,61.1,10/23/23 14:17,4
4128,4,7,10.08,14,62.2,10/23/23 14:17,4
4153,4,8,4.88,17.3,52.1,10/23/23 14:18,4
4178,4,9,4.78,13.4,55.6,10/23/23 14:18,1
4203,4,10,5.06,18.6,53.8,10/23/23 14:18,4
4228,4,11,10.52,11.5,56.6,10/23/23 14:19,4
Border,4,12,19.15,13.1,60.1,10/23/23 14:19,0
5003,4,13,12.68,13.5,60,10/23/23 14:19,4
5028,4,14,10.01,13.2,60.5,10/23/23 14:20,4
5053,4,15,8.23,10.7,57.5,10/23/23 14:20,4
5078,4,16,8.22,12.1,58.7,10/23/23 14:20,4
5103,4,17,10.53,10.5,53.9,10/23/23 14:21,4
5128,4,18,10.47,12.4,59,10/23/23 14:21,4
5153,4,19,9.04,13.7,57.7,10/23/23 14:21,4
5178,4,20,11.1,9.58,53.9,10/23/23 14:22,4
5203,4,21,12.7,11.4,58,10/23/23 14:22,4
5228,4,22,14.95,12.7,59.5,10/23/23 14:22,4
Border,4,23,16.85,13.4,60.2,10/23/23 14:22,0
6003,4,24,16.93,12.9,60.2,10/23/23 14:23,4
6028,4,25,10.86,13.9,60.3,10/23/23 14:23,4
6053,4,26,9.81,14.2,59,10/23/23 14:23,4
6078,4,27,8.38,12.8,59.4,10/23/23 14:24,4
6103,4,28,12.22,10.1,53.6,10/23/23 14:24,4
6128,4,29,14.26,12.8,60.3,10/23/23 14:24,4
6153,4,30,8.04,13.1,59.4,10/23/23 14:25,4
6178,4,31,15.32,13.7,60.8,10/23/23 14:25,4
6203,4,32,12.51,12.6,60.9,10/23/23 14:25,4
6228,4,33,11.17,12.2,59.1,10/23/23 14:26,4
Border,4,34,13.29,12.2,57.9,10/23/23 14:26,0
Border,5,34,17.41,12.1,58,10/23/23 14:27,0
6229,5,33,11.17,15.9,60.3,10/23/23 14:27,0
6204,5,32,11.27,11.4,56.8,10/23/23 14:27,0
6179,5,31,14.63,14.6,59.7,10/23/23 14:28,0
6154,5,30,10.89,11.4,57.1,10/23/23 14:28,0
6129,5,29,16.35,12.8,60.6,10/23/23 14:28,0
6104,5,28,7.83,12.2,59.4,10/23/23 14:28,0
6079,5,27,11.45,13.7,60.6,10/23/23 14:29,0
6054,5,26,10.45,13.6,59.2,10/23/23 14:29,0
6029,5,25,12.79,9.98,53.4,10/23/23 14:29,0
6004,5,24,17.06,12.9,59.8,10/23/23 14:30,0
Border,5,23,17.38,13.2,60.3,10/23/23 14:30,0
5229,5,22,16.47,13,60.2,10/23/23 14:30,0
5204,5,21,10.17,10.8,57.1,10/23/23 14:31,0
5179,5,20,12.94,12.5,56.8,10/23/23 14:31,0
5154,5,19,11.23,11.4,56.9,10/23/23 14:31,0
5129,5,18,12.3,10.9,57.2,10/23/23 14:31,0
5104,5,17,9.76,15,61.4,10/23/23 14:32,0
5079,5,16,10.28,9.57,53.5,10/23/23 14:32,0
5054,5,15,9.39,9.44,53.4,10/23/23 14:32,0
5029,5,14,8.61,12.7,60.4,10/23/23 14:33,0
5004,5,13,13.47,13.6,60.7,10/23/23 14:33,0
Border,5,12,12.49,12.8,59.5,10/23/23 14:33,0
4229,5,11,9.95,12.8,61.1,10/23/23 14:33,0
4204,5,10,13.27,12.3,59.7,10/23/23 14:34,0
4179,5,9,11.44,11.3,56.1,10/23/23 14:34,0
4154,5,8,12.15,12,57.6,10/23/23 14:34,0
4129,5,7,14.67,14.7,59,10/23/23 14:35,0
4104,5,6,11.45,14.4,59.5,10/23/23 14:35,0
4079,5,5,8.7,11.9,59.1,10/23/23 14:35,0
4054,5,4,11.17,12.2,59.3,10/23/23 14:35,0
4029,5,3,11.22,10.3,54.4,10/23/23 14:36,0
4004,5,2,4.21,0,0,10/23/23 14:36,0
4005,6,2,11.24,13.2,59.8,10/23/23 14:44,0
4030,6,3,12.47,14.7,61.5,10/23/23 14:45,0
4055,6,4,12.59,12.5,59.4,10/23/23 14:45,0
4080,6,5,12.02,9.58,53.4,10/23/23 14:45,0
4105,6,6,11.66,12.6,57.9,10/23/23 14:46,0
4130,6,7,12.71,15.3,60,10/23/23 14:46,0
4155,6,8,11.78,9.78,54.7,10/23/23 14:46,0
4180,6,9,11.79,11.5,54.6,10/23/23 14:47,0
4205,6,10,10.54,10,55.6,10/23/23 14:47,0
4230,6,11,4.07,0,0,10/23/23 14:47,0
Border,6,12,18.33,12.4,59.4,10/23/23 14:47,0
5005,6,13,14.65,12.5,59.8,10/23/23 14:48,0
5030,6,14,10.47,9.3,52.8,10/23/23 14:48,0
5055,6,15,9.89,11.6,58.9,10/23/23 14:48,0
5080,6,16,10,12.1,59.4,10/23/23 14:49,0
5105,6,17,8.66,12,59.4,10/23/23 14:49,0
5130,6,18,8.56,11.7,59.4,10/23/23 14:49,0
5155,6,19,11.52,9.89,54.5,10/23/23 14:49,0
5180,6,20,11.66,9.7,53.1,10/23/23 14:50,0
5205,6,21,9.56,13.6,60.3,10/23/23 14:50,0
5230,6,22,11.99,12.3,59.4,10/23/23 14:50,0
Border,6,23,14.15,12.9,59,10/23/23 14:51,0
6005,6,24,14.33,12.6,59.1,10/23/23 14:51,0
6030,6,25,5.14,14.9,60.1,10/23/23 14:51,0
6055,6,26,9.92,11.8,57.9,10/23/23 14:51,0
6080,6,27,14.09,9.9,53.4,10/23/23 14:52,0
6105,6,28,8.48,9.49,53.3,10/23/23 14:52,0
6130,6,29,14.3,11.7,58.7,10/23/23 14:52,0
6155,6,30,15.75,10.6,55.9,10/23/23 14:53,0
6180,6,31,10.23,12,55.3,10/23/23 14:53,0
6205,6,32,13.57,11.7,58.2,10/23/23 14:53,0
6230,6,33,10.49,12.2,57.6,10/23/23 14:54,0
Border,6,34,12.48,12.1,57.6,10/23/23 14:54,0
Border,7,34,17.7,11.9,57.6,10/23/23 14:55,0
6231,7,33,13.62,11.9,57,10/23/23 14:55,0
6206,7,32,12.22,10.5,55.9,10/23/23 14:55,0
6181,7,31,9.71,13.5,58.7,10/23/23 14:55,0
6156,7,30,10.39,10.2,54.2,10/23/23 14:56,0
6131,7,29,13.75,12.4,59,10/23/23 14:56,0
6106,7,28,9.58,12.5,59,10/23/23 14:56,0
6081,7,27,11.64,11.7,55,10/23/23 14:56,0
6056,7,26,12.19,12.5,59.3,10/23/23 14:57,0
6031,7,25,10.87,9.79,52.4,10/23/23 14:57,0
6006,7,24,12.7,12.8,59.5,10/23/23 14:57,0
Border,7,23,11.55,13,59.8,10/23/23 14:58,0
5231,7,22,12.35,13.4,60,10/23/23 14:58,0
5206,7,21,10.64,12.6,61.1,10/23/23 14:58,0
5181,7,20,11.74,11.7,57.3,10/23/23 14:58,0
5156,7,19,9.94,10.2,54.1,10/23/23 14:59,0
5131,7,18,10.84,15.2,60.5,10/23/23 14:59,0
5106,7,17,10.99,12.3,54.6,10/23/23 14:59,0
5081,7,16,10.45,13.1,56.5,10/23/23 15:00,0
5056,7,15,8.87,11.3,56.2,10/23/23 15:00,0
5031,7,14,13.9,10.7,55.5,10/23/23 15:00,0
5006,7,13,16.9,13.6,60.3,10/23/23 15:00,0
Border,7,12,14.12,13.3,60,10/23/23 15:01,0
4231,7,11,7.32,13.7,59.4,10/23/23 15:01,0
4206,7,10,16.27,15.7,60.4,10/23/23 15:01,0
4181,7,9,11.99,10.2,53.3,10/23/23 15:02,0
4156,7,8,12.02,12.8,60.5,10/23/23 15:02,0
4131,7,7,6.43,11.4,53.5,10/23/23 15:02,0
4106,7,6,9.27,12.6,57.6,10/23/23 15:02,0
4081,7,5,13.3,10.8,54.8,10/23/23 15:03,0
4056,7,4,11.89,12.2,57.3,10/23/23 15:03,0
4031,7,3,10.37,10.9,55.9,10/23/23 15:03,0
4006,7,2,5.1,14.4,56.2,10/23/23 15:04,0
4007,8,2,12.5,11.1,55.9,10/23/23 15:05,0
4032,8,3,13.05,15.2,58.9,10/23/23 15:05,0
4057,8,4,12.22,16.4,60.1,10/23/23 15:06,0
4082,8,5,13.18,11.8,57.6,10/23/23 15:06,0
4107,8,6,8.41,13,58.3,10/23/23 15:06,0
4132,8,7,12.38,12,58.7,10/23/23 15:07,0
4157,8,8,6.13,11,58.3,10/23/23 15:07,0
4182,8,9,11.95,9.68,53.1,10/23/23 15:07,0
4207,8,10,2.06,0,0,10/23/23 15:07,0
4232,8,11,11.34,14.1,58.9,10/23/23 15:08,0
Border,8,12,12.78,12.4,58.9,10/23/23 15:08,0
5007,8,13,11.07,13.5,60.1,10/23/23 15:08,0
5032,8,14,10.57,13.4,57.9,10/23/23 15:09,0
5057,8,15,9.91,14.6,60.1,10/23/23 15:09,0
5082,8,16,8.21,13.5,58.2,10/23/23 15:09,0
5107,8,17,10.33,17.1,58.9,10/23/23 15:09,0
5132,8,18,11.55,11.4,57.6,10/23/23 15:10,0
5157,8,19,8.8,10.7,56,10/23/23 15:10,0
5182,8,20,8.97,12.8,58.8,10/23/23 15:10,0
5207,8,21,9.18,11.4,57.6,10/23/23 15:10,0
5232,8,22,14.78,13,60.1,10/23/23 15:11,0
Border,8,23,11.83,13.1,60.3,10/23/23 15:11,0
6007,8,24,15.13,13.3,60.7,10/23/23 15:11,0
6032,8,25,7.1,14,59.6,10/23/23 15:12,0
6057,8,26,12.16,10.8,55.5,10/23/23 15:12,0
6082,8,27,5.78,12.5,57.3,10/23/23 15:12,0
6107,8,28,8.05,12.4,59.2,10/23/23 15:12,0
6132,8,29,12.49,13.1,60.3,10/23/23 15:13,0
6157,8,30,8.32,12.5,59.3,10/23/23 15:13,0
6182,8,31,10.17,10.6,55.3,10/23/23 15:13,0
6207,8,32,11.17,9.29,52.9,10/23/23 15:14,0
6232,8,33,10.49,16.2,59.7,10/23/23 15:14,0
Border,8,34,15.66,12.7,59,10/23/23 15:14,0
Border,9,34,15.69,11.4,57.7,10/23/23 15:15,0
6233,9,33,14.5,12.5,58.7,10/23/23 15:17,4
6208,9,32,8.07,11.3,56.2,10/23/23 15:17,4
6183,9,31,9.87,11.8,57.6,10/23/23 15:17,4
6158,9,30,9.01,10.2,55.8,10/23/23 15:18,4
6133,9,29,12.32,12.5,59.1,10/23/23 15:18,4
6108,9,28,12.09,12.4,55.9,10/23/23 15:18,4
6083,9,27,7.42,11.1,56.7,10/23/23 15:19,4
6058,9,26,7.59,12.2,58,10/23/23 15:19,4
6033,9,25,10.3,11.1,54,10/23/23 15:19,4
6008,9,24,12.33,12.8,59.4,10/23/23 15:19,4
Border,9,23,13.92,13.4,60.5,10/23/23 15:20,0
5233,9,22,11.72,12.9,60.3,10/23/23 15:20,4
5208,9,21,8.8,11.7,57.7,10/23/23 15:20,4
5183,9,20,12.3,13.1,60,10/23/23 15:21,4
5158,9,19,11.14,13.7,60.2,10/23/23 15:21,4
5133,9,18,14.18,13.5,60.4,10/23/23 15:21,4
5108,9,17,8.32,14.3,56.7,10/23/23 15:22,4
5083,9,16,12.15,10.4,55.3,10/23/23 15:22,4
5058,9,15,6.6,11.9,58.6,10/23/23 15:22,4
5033,9,14,10.96,14.4,59.2,10/23/23 15:23,4
5008,9,13,16.19,13.5,60.7,10/23/23 15:23,4
Border,9,12,15.05,13.5,60.1,10/23/23 15:23,4
4233,9,11,12.56,11.3,57.8,10/23/23 15:24,4
4208,9,10,9.85,16.3,60.7,10/23/23 15:24,4
4183,9,9,8.47,11.6,57.6,10/23/23 15:24,4
4158,9,8,3.13,0,0,10/23/23 15:24,4
4133,9,7,10.06,16.3,59.1,10/23/23 15:25,4
4108,9,6,10.76,10.7,56.4,10/23/23 15:25,4
4083,9,5,9.57,12.9,56.2,10/23/23 15:25,4
4058,9,4,12.42,12.3,59.7,10/23/23 15:26,4
4033,9,3,10.48,13.7,57.4,10/23/23 15:26,4
4008,9,2,7,12.6,60.1,10/23/23 15:26,4
4009,10,2,13.93,11.3,57.3,10/23/23 15:30,0
4034,10,3,10.63,10.1,54.4,10/23/23 15:30,0
4059,10,4,11.96,12.8,55.9,10/23/23 15:31,0
4084,10,5,7.13,10.3,52.9,10/23/23 15:31,0
4109,10,6,10.73,13.8,59,10/23/23 15:31,0
4134,10,7,7.15,13.7,57.8,10/23/23 15:32,0
4159,10,8,12.5,13.6,58,10/23/23 15:32,0
4184,10,9,16.08,11.1,56.6,10/23/23 15:32,0
4209,10,10,12.96,11.5,56.1,10/23/23 15:33,0
4234,10,11,10.77,10.4,55.2,10/23/23 15:33,0
Border,10,12,14.68,13,59.3,10/23/23 15:33,0
5009,10,13,13.51,13.1,59.8,10/23/23 15:34,0
5034,10,14,10.62,14.1,59.7,10/23/23 15:34,0
5059,10,15,13.54,9.37,52.8,10/23/23 15:34,0
5084,10,16,11.43,9.89,54.8,10/23/23 15:35,0
5109,10,17,10.32,10.1,53.8,10/23/23 15:35,0
5134,10,18,15.45,12.5,59.4,10/23/23 15:35,0
5159,10,19,11.67,15.2,59.2,10/23/23 15:36,0
5184,10,20,11.63,12.4,59.1,10/23/23 15:36,0
5209,10,21,8.21,13.7,59.2,10/23/23 15:36,0
5234,10,22,11.64,12.7,59.3,10/23/23 15:37,0
Border,10,23,13.72,12.6,59.7,10/23/23 15:37,0
6009,10,24,10.31,12.2,58.8,10/23/23 15:37,0
6034,10,25,9.07,13.4,57.1,10/23/23 15:38,0
6059,10,26,7.24,11,56.7,10/23/23 15:38,0
6084,10,27,10.39,9.89,54.6,10/23/23 15:38,0
6109,10,28,9.31,12.6,60.3,10/23/23 15:38,0
6134,10,29,12.14,12.4,59.1,10/23/23 15:39,0
6159,10,30,11.94,10,54.2,10/23/23 15:39,0
6184,10,31,8.87,11.8,59.9,10/23/23 15:39,0
6209,10,32,4.8,11.6,57.2,10/23/23 15:39,0
6234,10,33,15.87,13.5,60.2,10/23/23 15:40,0
Border,10,34,17.82,13.5,59.1,10/23/23 15:40,0
Border,11,34,14.46,10.8,56.6,10/23/23 15:41,0
6235,11,33,9.66,12.1,58.7,10/23/23 15:41,0
6210,11,32,10.81,10.2,55.2,10/23/23 15:41,0
6185,11,31,10.31,10.9,56.7,10/23/23 15:42,0
6160,11,30,8.07,11.6,56.2,10/23/23 15:42,0
6135,11,29,11.55,12.3,58.8,10/23/23 15:42,0
6110,11,28,12.58,13.1,58.6,10/23/23 15:42,0
6085,11,27,5.93,11.9,56.6,10/23/23 15:43,0
6060,11,26,7.83,12.8,59.8,10/23/23 15:43,0
6035,11,25,9.5,15.4,60.8,10/23/23 15:43,0
6010,11,24,15.26,12.9,59.8,10/23/23 15:43,0
Border,11,23,13.87,13.2,60.1,10/23/23 15:44,0
5235,11,22,12.85,13.5,60.5,10/23/23 15:44,0
5210,11,21,9.48,12.4,58.8,10/23/23 15:44,0
5185,11,20,10.86,11.1,56.4,10/23/23 15:45,0
5160,11,19,8.64,15,60.7,10/23/23 15:45,0
5135,11,18,11.87,13.2,59.4,10/23/23 15:45,0
5110,11,17,6.8,15.3,60.4,10/23/23 15:45,0
5085,11,16,8.42,12.2,59.7,10/23/23 15:46,0
5060,11,15,8.79,13.1,59.2,10/23/23 15:46,0
5035,11,14,8.59,12.4,59.8,10/23/23 15:46,0
5010,11,13,15.64,13.9,60.6,10/23/23 15:47,0
Border,11,12,13.9,13.4,60.2,10/23/23 15:47,0
4235,11,11,8.44,12.2,55,10/23/23 15:47,0
4210,11,10,9.07,11.8,55.2,10/23/23 15:47,0
4185,11,9,12.46,12.1,57.5,10/23/23 15:48,0
4160,11,8,12.99,11.4,56.6,10/23/23 15:48,0
4135,11,7,6.42,11.1,55.6,10/23/23 15:48,0
4110,11,6,10.67,9.68,54.1,10/23/23 15:49,0
4085,11,5,12.97,14.5,59.2,10/23/23 15:49,0
4060,11,4,10.51,12,58.8,10/23/23 15:49,0
4035,11,3,11.28,9.49,53.5,10/23/23 15:50,0
4010,11,2,10.15,10.8,56.9,10/23/23 15:50,0
4011,12,2,17.39,10.6,55.9,10/23/23 15:50,0
4036,12,3,6.67,11.2,58.8,10/23/23 15:51,0
4061,12,4,10.09,12.1,59.4,10/23/23 15:51,0
4086,12,5,13.18,13.7,59.2,10/23/23 15:51,0
4111,12,6,8.6,12.3,53.1,10/23/23 15:52,0
4136,12,7,15.29,9.7,54.8,10/23/23 15:52,0
4161,12,8,11.01,9.75,54.1,10/23/23 15:52,0
4186,12,9,10.67,10.6,55.9,10/23/23 15:53,0
4211,12,10,4.3,0,0,10/23/23 15:53,0
4236,12,11,15.52,13.1,60.3,10/23/23 15:53,0
Border,12,12,14.45,13.3,59.9,10/23/23 15:53,0
5011,12,13,14.29,13.5,59.9,10/23/23 15:54,0
5036,12,14,13.32,12.6,58.3,10/23/23 15:54,0
5061,12,15,11.29,12.4,59.6,10/23/23 15:54,0
5086,12,16,16.24,13.5,56.2,10/23/23 15:55,0
5111,12,17,11.88,12.8,61.5,10/23/23 15:55,0
5136,12,18,15.23,13.6,60.9,10/23/23 15:55,0
5161,12,19,12.71,14.8,60.8,10/23/23 15:56,0
5186,12,20,11.11,10.3,54.5,10/23/23 15:56,0
5211,12,21,11.6,10.7,56.6,10/23/23 15:56,0
5236,12,22,12.38,13.4,59.8,10/23/23 15:57,0
Border,12,23,12.41,12.9,59,10/23/23 15:57,0
6011,12,24,16.07,12.6,59.7,10/23/23 15:57,0
6036,12,25,9.9,18,58.7,10/23/23 15:57,0
6061,12,26,9.31,13.5,58.9,10/23/23 15:58,0
6086,12,27,13.6,10.8,56,10/23/23 15:58,0
6111,12,28,12.43,11.7,56.5,10/23/23 15:58,0
6136,12,29,15.32,12.5,60.3,10/23/23 15:59,0
6161,12,30,9.84,13.5,55.9,10/23/23 15:59,0
6186,12,31,13.62,11.9,58.3,10/23/23 15:59,0
6211,12,32,12.87,10.8,56.6,10/23/23 16:00,0
6236,12,33,17.27,13.2,60.4,10/23/23 16:00,0
Border,12,34,12.5,12.6,57.8,10/23/23 16:00,0
Border,13,34,16.89,12.1,58,10/23/23 16:01,0
6237,13,33,14.94,12.9,60.2,10/23/23 16:01,4
6212,13,32,10.92,14.9,60.6,10/23/23 16:01,4
6187,13,31,8.39,12,54.4,10/23/23 16:02,4
6162,13,30,10.37,14,59.9,10/23/23 16:02,4
6137,13,29,13.47,12.9,59,10/23/23 16:02,4
6112,13,28,8.29,11.9,58.4,10/23/23 16:03,4
6087,13,27,7.48,11.6,56.2,10/23/23 16:03,4
6062,13,26,6.11,14,59.3,10/23/23 16:03,4
6037,13,25,9.26,12.1,57.2,10/23/23 16:04,4
6012,13,24,13.79,12.9,60.1,10/23/23 16:04,4
Border,13,23,13.71,13.3,60.4,10/23/23 16:04,0
5237,13,22,17.6,13.8,60.8,10/23/23 16:04,4
5212,13,21,9.42,11.6,56.7,10/23/23 16:05,4
5187,13,20,8.16,11.4,55.5,10/23/23 16:05,4
5162,13,19,11.45,12.6,59.2,10/23/23 16:05,4
5137,13,18,13.3,13.6,60.8,10/23/23 16:06,4
5112,13,17,9.81,10.4,54.4,10/23/23 16:06,4
5087,13,16,8.33,9.91,55.5,10/23/23 16:06,4
5062,13,15,10.05,11.7,56.7,10/23/23 16:06,4
5037,13,14,10.56,11.8,57.7,10/23/23 16:07,4
5012,13,13,13.79,12.9,60.1,10/23/23 16:07,4
Border,13,12,14.59,12.9,60.1,10/23/23 16:07,4
4237,13,11,17.76,13,59.7,10/23/23 16:08,4
4212,13,10,12.87,13.4,59.9,10/23/23 16:08,4
4187,13,9,12.1,11,56.6,10/23/23 16:08,4
4162,13,8,2.79,0,0,10/23/23 16:09,4
4137,13,7,11.01,9.54,53.9,10/23/23 16:09,4
4112,13,6,9.93,10.8,57.2,10/23/23 16:09,4
4087,13,5,11.21,14.5,60.4,10/23/23 16:10,4
4062,13,4,11.01,10.3,56.1,10/23/23 16:10,4
4037,13,3,8.11,11,57.4,10/23/23 16:10,4
4012,13,2,3.8,0,0,10/23/23 16:11,4
4013,14,2,15.18,13.8,61.7,10/23/23 16:14,0
4038,14,3,11,11.5,57.6,10/23/23 16:15,0
4063,14,4,9.46,12.1,58.8,10/23/23 16:15,0
4088,14,5,11.13,12.3,58.6,10/23/23 16:15,0
4113,14,6,4.8,17.8,57,10/23/23 16:16,0
4138,14,7,15.02,10.8,55.6,10/23/23 16:16,0
4163,14,8,8.62,13.5,54.4,10/23/23 16:16,0
4188,14,9,12.46,12.7,59.4,10/23/23 16:17,0
4213,14,10,13.39,12.5,58.1,10/23/23 16:17,0
4238,14,11,15.45,12.9,60.3,10/23/23 16:17,0
Border,14,12,14.83,13.3,61.1,10/23/23 16:18,0
5013,14,13,13.57,13.2,60.8,10/23/23 16:18,0
5038,14,14,13.28,12.3,58.7,10/23/23 16:18,0
5063,14,15,12.31,11.8,59.8,10/23/23 16:18,0
5088,14,16,9.61,12.7,60.1,10/23/23 16:19,0
5113,14,17,18.42,13.6,61,10/23/23 16:19,0
5138,14,18,15.79,13.4,60.9,10/23/23 16:19,0
5163,14,19,9.74,12.3,59.3,10/23/23 16:20,0
5188,14,20,9.2,13.7,59.3,10/23/23 16:20,0
5213,14,21,12.06,13.4,57.8,10/23/23 16:20,0
5238,14,22,11.31,13.1,60.3,10/23/23 16:20,0
Border,14,23,14,13.1,60.3,10/23/23 16:21,0
6013,14,24,11.57,12.7,59.7,10/23/23 16:21,0
6038,14,25,12.65,12.4,56.7,10/23/23 16:21,0
6063,14,26,10.22,12,58.7,10/23/23 16:21,0
6088,14,27,13.39,10.2,55.7,10/23/23 16:22,0
6113,14,28,14.68,13,60.1,10/23/23 16:22,0
6138,14,29,15.01,12.9,59.7,10/23/23 16:22,0
6163,14,30,7.73,12.8,60.9,10/23/23 16:23,0
6188,14,31,8.19,10.2,54.1,10/23/23 16:23,0
6213,14,32,11.25,13.6,61.8,10/23/23 16:23,0
6238,14,33,13.93,12.4,59.4,10/23/23 16:23,0
Border,14,34,15.17,12.4,58.7,10/23/23 16:24,0
Border,15,34,17.45,13,57.3,10/23/23 16:24,0
6239,15,33,16.5,12.7,59.2,10/23/23 16:25,0
6214,15,32,10.68,10.2,55.4,10/23/23 16:25,0
6189,15,31,11.36,9.67,54.1,10/23/23 16:25,0
6164,15,30,10.1,12.3,58.7,10/23/23 16:25,0
6139,15,29,10.67,12.2,57.7,10/23/23 16:26,0
6114,15,28,11.3,12.5,58.9,10/23/23 16:26,0
6089,15,27,11.68,12,57.6,10/23/23 16:26,0
6064,15,26,9.81,10.9,56,10/23/23 16:27,0
6039,15,25,10.81,11.4,57.9,10/23/23 16:27,0
6014,15,24,13.3,12.5,59.4,10/23/23 16:27,0
Border,15,23,13.03,13.1,60,10/23/23 16:27,0
5239,15,22,14.47,13.5,60.5,10/23/23 16:28,0
5214,15,21,4.91,16.1,55.1,10/23/23 16:28,0
5189,15,20,9.65,15.3,60.3,10/23/23 16:28,0
5164,15,19,10.88,12.1,58.5,10/23/23 16:29,0
5139,15,18,12.89,13.2,59.8,10/23/23 16:29,0
5114,15,17,11.83,13.3,60.1,10/23/23 16:29,0
5089,15,16,11.5,11.8,58.4,10/23/23 16:29,0
5064,15,15,13.23,11.6,56.9,10/23/23 16:30,0
5039,15,14,8.51,13.1,59.7,10/23/23 16:30,0
5014,15,13,11.4,12.9,59.6,10/23/23 16:30,0
Border,15,12,12,12.2,59.4,10/23/23 16:31,0
4239,15,11,12.82,11.8,59,10/23/23 16:31,0
4214,15,10,7,14.8,58,10/23/23 16:31,0
4189,15,9,6.62,12.9,52.9,10/23/23 16:32,0
4164,15,8,11.62,10.3,55.5,10/23/23 16:32,0
4139,15,7,11.13,9.91,55.7,10/23/23 16:32,0
4114,15,6,8.9,12.9,57.4,10/23/23 16:32,0
4089,15,5,10.01,10.7,56.3,10/23/23 16:33,0
4064,15,4,10.44,9.82,54.1,10/23/23 16:33,0
4039,15,3,14.23,12.3,58.3,10/23/23 16:33,0
4014,15,2,10.9,11,54.6,10/23/23 16:34,0
4015,16,2,12.72,11.6,56.6,10/23/23 16:34,0
4040,16,3,5.49,14,57.2,10/23/23 16:35,0
4065,16,4,7.55,10.5,56.2,10/23/23 16:35,0
4090,16,5,2.15,0,0,10/23/23 16:35,0
4115,16,6,11.64,10.7,56.1,10/23/23 16:36,0
4140,16,7,11.51,11.6,57.8,10/23/23 16:36,0
4165,16,8,11.62,11.6,59,10/23/23 16:36,0
4190,16,9,8.92,12.2,59.9,10/23/23 16:37,0
4215,16,10,12.74,11.9,57.7,10/23/23 16:37,0
4240,16,11,12.76,13,60.1,10/23/23 16:37,0
Border,16,12,14.87,12.9,59.9,10/23/23 16:37,0
5015,16,13,9.69,12,59.4,10/23/23 16:38,0
5040,16,14,8.76,11.8,58,10/23/23 16:38,0
5065,16,15,10.17,12.8,58.5,10/23/23 16:38,0
5090,16,16,11.23,12.2,57.6,10/23/23 16:39,0
5115,16,17,10.2,12.4,59.5,10/23/23 16:39,0
5140,16,18,15.22,13.2,60.8,10/23/23 16:39,0
5165,16,19,6.91,11.8,56.8,10/23/23 16:39,0
5190,16,20,8.79,12.7,55.5,10/23/23 16:40,0
5215,16,21,9.2,10.2,55.5,10/23/23 16:40,0
5240,16,22,10.36,13,59.7,10/23/23 16:40,0
Border,16,23,13.98,13.2,59.8,10/23/23 16:41,0
6015,16,24,14.45,13.5,60.5,10/23/23 16:41,0
6040,16,25,11.85,13.6,62,10/23/23 16:41,0
6065,16,26,12.47,11.6,58,10/23/23 16:41,0
6090,16,27,5.86,13.1,55.5,10/23/23 16:42,0
6115,16,28,14.31,12.8,59.4,10/23/23 16:42,0
6140,16,29,10.16,12.4,59.4,10/23/23 16:42,0
6165,16,30,12.54,9.8,54.1,10/23/23 16:43,0
6190,16,31,6.91,11,56.9,10/23/23 16:43,0
6215,16,32,10.79,11,58,10/23/23 16:43,0
6240,16,33,10.63,11.8,58.3,10/23/23 16:44,0
Border,16,34,12.75,11.6,57.7,10/23/23 16:44,0
Border,17,34,12.92,10.4,56.1,10/23/23 16:44,0
6241,17,33,13.01,12.7,59.1,10/23/23 16:45,4
6216,17,32,11.31,10.8,55.6,10/23/23 16:45,4
6191,17,31,7.66,13.6,57.4,10/23/23 16:45,4
6166,17,30,4.52,14.2,54,10/23/23 16:46,4
6141,17,29,16.47,12.5,58.7,10/23/23 16:46,4
6116,17,28,15.8,13.3,59.6,10/23/23 16:47,4
6091,17,27,12.69,10.7,56.8,10/23/23 16:47,4
6066,17,26,9.08,13.2,59.7,10/23/23 16:47,4
6041,17,25,11.87,11.6,57.6,10/23/23 16:48,4
6016,17,24,14.61,12.7,60.1,10/23/23 16:48,4
Border,17,23,9.85,12.4,59.1,10/23/23 16:48,0
5241,17,22,13.35,13,59.9,10/23/23 16:49,4
5216,17,21,6.6,11.5,57,10/23/23 16:49,4
5191,17,20,8.51,12.5,58.5,10/23/23 16:49,4
5166,17,19,7.18,13.2,55.8,10/23/23 16:49,4
5141,17,18,14.76,12.5,59,10/23/23 16:50,4
5116,17,17,13.94,13.1,59.9,10/23/23 16:50,4
5091,17,16,10.98,12.3,60.4,10/23/23 16:50,4
5066,17,15,13.39,10.7,56.7,10/23/23 16:51,4
5041,17,14,11.22,12.1,57.5,10/23/23 16:51,4
5016,17,13,15.42,13.8,60.9,10/23/23 16:52,4
Border,17,12,13.6,13.5,60.1,10/23/23 16:52,4
4241,17,11,13.91,13,60,10/23/23 16:52,4
4216,17,10,7.08,12.8,56.9,10/23/23 16:53,4
4191,17,9,7.25,12.3,59.1,10/23/23 16:53,4
4166,17,8,10.68,12.3,60.9,10/23/23 16:53,4
4141,17,7,5.58,16.6,57.3,10/23/23 16:53,4
4116,17,6,14.42,12.6,59.6,10/23/23 16:54,4
4091,17,5,11.22,10.8,56.7,10/23/23 16:54,4
4066,17,4,10.84,11.8,59,10/23/23 16:54,4
4041,17,3,6.29,16.9,56.5,10/23/23 16:55,4
4016,17,2,4.31,0,0,10/23/23 16:55,4
4017,18,2,5.38,12.1,53.6,10/23/23 16:59,0
4042,18,3,9.59,16,54.5,10/23/23 17:00,0
4067,18,4,9.57,11.3,58.2,10/23/23 17:00,0
4092,18,5,7,14.5,53.4,10/23/23 17:01,0
4117,18,6,13.67,12.8,60.1,10/23/23 17:01,0
4142,18,7,10.96,11.7,55.8,10/23/23 17:01,0
4167,18,8,9.18,15.2,59.4,10/23/23 17:01,0
4192,18,9,9.4,9.68,53.1,10/23/23 17:02,0
4217,18,10,10.44,11,56.1,10/23/23 17:02,0
4242,18,11,14.61,13,60.1,10/23/23 17:02,0
Border,18,12,15.34,13.5,59.9,10/23/23 17:03,0
5017,18,13,11.39,12.2,59.1,10/23/23 17:03,0
5042,18,14,12.06,11.8,58,10/23/23 17:03,0
5067,18,15,12.51,13.6,57.8,10/23/23 17:04,0
5092,18,16,10.86,11.1,56.8,10/23/23 17:04,0
5117,18,17,14.93,12.8,59.6,10/23/23 17:04,0
5142,18,18,11.33,12.8,59.8,10/23/23 17:05,0
5167,18,19,7.78,12.3,58.4,10/23/23 17:05,0
5192,18,20,11.78,12.9,59.1,10/23/23 17:05,0
5217,18,21,9.01,12.1,55.3,10/23/23 17:06,0
5242,18,22,10.77,12.8,59.7,10/23/23 17:06,0
Border,18,23,13.08,12.2,59,10/23/23 17:06,0
6017,18,24,11.9,12.6,59.2,10/23/23 17:07,0
6042,18,25,12.38,11.5,57.9,10/23/23 17:07,0
6067,18,26,12.73,13.6,59,10/23/23 17:09,0
6092,18,27,9.7,11.6,56.7,10/23/23 17:09,0
6117,18,28,15.72,12.5,59.8,10/23/23 17:10,0
6142,18,29,12.06,12.9,60.3,10/23/23 17:10,0
6167,18,30,8.04,13.7,56.9,10/23/23 17:10,0
6192,18,31,11.29,13.8,59.5,10/23/23 17:10,0
6217,18,32,12.62,9.6,53.1,10/23/23 17:11,0
6242,18,33,18.2,13,60.1,10/23/23 17:11,0
Border,18,34,15.59,12.7,58.7,10/23/23 17:11,0
Border,19,34,18.16,12.2,57.7,10/23/23 17:12,0
6243,19,33,9.9,13,59.9,10/23/23 17:12,0
6218,19,32,12.42,11.9,58.4,10/23/23 17:12,0
6193,19,31,11.67,11.2,56.5,10/23/23 17:13,0
6168,19,30,7.93,14.6,60.5,10/23/23 17:13,0
6143,19,29,13.29,12.3,59.2,10/23/23 17:13,0
6118,19,28,16.7,12.3,58.9,10/23/23 17:15,0
6093,19,27,15.61,11.1,57.9,10/23/23 17:15,0
6068,19,26,12.06,11.3,58.2,10/23/23 17:16,0
6043,19,25,10.43,12.4,60.7,10/23/23 17:16,0
6018,19,24,14.65,12.5,59.4,10/23/23 17:16,0
Border,19,23,11.75,13,59.6,10/23/23 17:17,0
5243,19,22,14.34,13.3,59.9,10/23/23 17:17,0
5218,19,21,12.18,12.3,57.9,10/23/23 17:17,0
5193,19,20,12.94,10.8,57.4,10/23/23 17:18,0
5168,19,19,7.54,11.7,60.3,10/23/23 17:18,0
5143,19,18,15.53,12.3,60.1,10/23/23 17:19,0
5118,19,17,14.99,13.1,60.3,10/23/23 17:19,0
5093,19,16,11.38,11.7,57.9,10/23/23 17:19,0
5068,19,15,5.26,16.6,54.8,10/23/23 17:19,0
5043,19,14,14.12,11.8,57.7,10/23/23 17:20,0
5018,19,13,13.51,13.2,60.3,10/23/23 17:20,0
Border,19,12,15.9,12.8,59.8,10/23/23 17:20,0
4243,19,11,12.89,12.7,59.5,10/23/23 17:21,0
4218,19,10,5.94,13.2,56,10/23/23 17:21,0
4193,19,9,9.73,11.3,58.3,10/23/23 17:21,0
4168,19,8,7.55,13.3,57.3,10/23/23 17:22,0
4143,19,7,5.6,12.9,56.1,10/23/23 17:22,0
4118,19,6,13.1,13.1,59.9,10/23/23 17:23,0
4093,19,5,11.25,11.4,57,10/23/23 17:23,0
4068,19,4,13.8,12.9,57,10/23/23 17:23,0
4043,19,3,10.15,11.6,56.1,10/23/23 17:24,0
4018,19,2,11.54,10.2,55.4,10/23/23 17:24,0
4019,20,2,4.55,10.8,55.2,10/23/23 17:24,0
4044,20,3,12.97,12.2,60.4,10/23/23 17:25,0
4069,20,4,9.84,11.9,56.2,10/23/23 17:25,0
4094,20,5,2.15,0,0,10/23/23 17:26,0
4119,20,6,14.99,12.2,59.4,10/23/23 17:26,0
4144,20,7,5.56,13,55.3,10/23/23 17:26,0
4169,20,8,5.84,16,61.1,10/23/23 17:27,0
4194,20,9,6.83,16.7,55.1,10/23/23 17:27,0
4219,20,10,6.82,13,55.7,10/23/23 17:27,0
4244,20,11,19.95,12.5,59.9,10/23/23 17:28,0
Border,20,12,9.91,12.5,59.4,10/23/23 17:28,0
5019,20,13,15.36,13.7,60.7,10/23/23 17:28,4
5044,20,14,8.25,11.5,55.4,10/23/23 17:28,4
5069,20,15,8.82,12,60.2,10/23/23 17:29,4
5094,20,16,9.51,11.7,57.4,10/23/23 17:29,4
5119,20,17,12.8,13.4,60.5,10/23/23 17:29,4
5144,20,18,14.97,12.8,60.4,10/23/23 17:30,4
5169,20,19,11.78,13.9,62.3,10/23/23 17:30,4
5194,20,20,11.02,9.71,54.5,10/23/23 17:30,4
5219,20,21,8.74,10.3,56.6,10/23/23 17:31,4
5244,20,22,13.7,13.2,59.9,10/23/23 17:31,4
Border,20,23,14.14,13,59.9,10/23/23 17:31,0
6019,20,24,9.78,12.2,58.9,10/23/23 17:32,4
6044,20,25,5,10.2,54.5,10/23/23 17:32,4
6069,20,26,9.44,11.3,55.9,10/23/23 17:32,4
6094,20,27,11.4,13.4,57.1,10/23/23 17:32,4
6119,20,28,15,13.4,60.1,10/23/23 17:33,4
6144,20,29,17.6,13.2,60.2,10/23/23 17:33,4
6169,20,30,8.26,13,58.5,10/23/23 17:34,4
6194,20,31,11.2,10.7,57.1,10/23/23 17:34,4
6219,20,32,11,12.2,59,10/23/23 17:34,4
6244,20,33,10.12,13.5,60.3,10/23/23 17:34,4
Border,20,34,14.58,12.6,58.3,10/23/23 17:35,0
Border,21,34,16.73,13,58.2,10/23/23 17:35,0
6245,21,33,12.9,12.3,59.7,10/23/23 17:36,0
6220,21,32,10.09,10.9,56.9,10/23/23 17:36,0
6195,21,31,12.1,12.2,57.9,10/23/23 17:36,0
6170,21,30,9.56,12,59.6,10/23/23 17:37,0
6145,21,29,15.45,12.3,59.4,10/23/23 17:37,0
6120,21,28,14.99,11.6,58.4,10/23/23 17:37,0
6095,21,27,9.99,11.1,56.6,10/23/23 17:38,0
6070,21,26,10.66,11.9,56.9,10/23/23 17:38,0
6045,21,25,12.35,9.35,53.8,10/23/23 17:38,0
6020,21,24,14.07,12.9,59.7,10/23/23 17:39,0
Border,21,23,12,12.5,60.1,10/23/23 17:39,0
5245,21,22,15.34,12.3,59.7,10/23/23 17:39,0
5220,21,21,10.56,12.3,58.4,10/23/23 17:40,0
5195,21,20,7.96,11.6,56.4,10/23/23 17:40,0
5170,21,19,12.13,10.8,57.6,10/23/23 17:40,0
5145,21,18,14.22,13.5,60.5,10/23/23 17:40,0
5120,21,17,14.74,13.3,60,10/23/23 17:41,0
5095,21,16,12.63,11,56.6,10/23/23 17:41,0
5070,21,15,10.21,13.4,61.6,10/23/23 17:41,0
5045,21,14,11.08,10.8,57.6,10/23/23 17:42,0
5020,21,13,11.4,13.6,60.4,10/23/23 17:42,0
Border,21,12,12.96,12.4,59.2,10/23/23 17:42,0
4245,21,11,12.51,12.4,59.6,10/23/23 17:43,0
4220,21,10,4.62,14.8,55.5,10/23/23 17:43,0
4195,21,9,3.63,0,0,10/23/23 17:43,0
4170,21,8,12.86,11.3,57.4,10/23/23 17:44,0
4145,21,7,13.71,11.3,58.1,10/23/23 17:44,0
4120,21,6,12.89,12.8,60.2,10/23/23 17:44,0
4095,21,5,9.55,10.5,56.2,10/23/23 17:45,0
4070,21,4,4.23,0,0,10/23/23 17:45,0
4045,21,3,5.28,13.1,55.4,10/23/23 17:45,0
4020,21,2,2.54,0,0,10/23/23 17:46,0
4021,22,2,13.14,9.47,54.2,10/23/23 17:58,4
4046,22,3,3.91,0,0,10/23/23 17:58,4
4071,22,4,8.73,11.5,58,10/23/23 17:59,4
4096,22,5,11.75,10.5,58.3,10/23/23 17:59,4
4121,22,6,11.18,12.7,59.7,10/23/23 17:59,4
4146,22,7,12.63,14.2,61,10/23/23 18:00,4
4171,22,8,11.35,9.34,54.1,10/23/23 18:00,4
4196,22,9,10.56,9.73,56.6,10/23/23 18:00,4
4221,22,10,8.6,10.1,55.8,10/23/23 18:01,4
4246,22,11,14.73,11.6,59,10/23/23 18:01,4
Border,22,12,15.32,12.7,60.1,10/23/23 18:01,0
5021,22,13,15.15,12.6,60.3,10/23/23 18:02,4
5046,22,14,9.09,10.4,56.7,10/23/23 18:02,4
5071,22,15,11.28,10.7,56.7,10/23/23 18:02,4
5096,22,16,7.4,10.4,56.2,10/23/23 18:03,0
5121,22,17,12.28,12.1,59.4,10/23/23 18:03,4
5146,22,18,11.51,12.9,60.2,10/23/23 18:03,4
5171,22,19,9.52,12,57.2,10/23/23 18:03,4
5196,22,20,10.52,10.7,53.8,10/23/23 18:04,4
5221,22,21,8.06,14.4,57.4,10/23/23 18:04,4
5246,22,22,16.23,13.1,59.9,10/23/23 18:05,4
Border,22,23,12.67,12.5,59.7,10/23/23 18:05,0
6021,22,24,13.02,12.9,60.1,10/23/23 18:05,4
6046,22,25,15.86,10.2,56.4,10/23/23 18:06,4
6071,22,26,10.86,10.7,55.9,10/23/23 18:06,4
6096,22,27,16.79,12.6,58,10/23/23 18:06,4
6121,22,28,18.58,12.8,60.3,10/23/23 18:07,4
6146,22,29,18.74,12.7,60.3,10/23/23 18:07,4
6171,22,30,8.99,15.5,61.4,10/23/23 18:07,4
6196,22,31,10.68,14.3,55.9,10/23/23 18:08,4
6221,22,32,14.98,11.5,57.6,10/23/23 18:08,4
6246,22,33,16.58,12.7,59.4,10/23/23 18:08,4
Border,22,34,17.13,12.5,58.1,10/23/23 18:09,0
Border,23,34,19.64,14.1,59.4,10/23/23 18:11,0
6247,23,33,20.88,14.8,61.1,10/23/23 18:11,0
6222,23,32,11.99,12.6,60.6,10/23/23 18:12,0
6197,23,31,14.8,10.2,55.2,10/23/23 18:12,0
6172,23,30,10.71,10.2,55.4,10/23/23 18:12,0
6147,23,29,18.76,12.5,60.4,10/23/23 18:13,0
6122,23,28,11.19,12.6,59.8,10/23/23 18:13,0
6097,23,27,5.82,13.3,56.6,10/23/23 18:13,0
6072,23,26,16.09,10.6,57.3,10/23/23 18:14,0
6047,23,25,11.7,11.3,58.6,10/23/23 18:14,0
6022,23,24,15.01,12.8,59.7,10/23/23 18:14,0
Border,23,23,11.03,12.4,59.4,10/23/23 18:15,0
5247,23,22,12.59,13,59.3,10/23/23 18:15,0
5222,23,21,9.15,12.1,59.6,10/23/23 18:15,0
5197,23,20,11.6,9.35,53.3,10/23/23 18:16,0
5172,23,19,11.46,10.7,56.9,10/23/23 18:16,0
5147,23,18,10.88,12.3,59.9,10/23/23 18:16,0
5122,23,17,13.53,13.4,60.3,10/23/23 18:17,0
5097,23,16,9.62,11.9,58.6,10/23/23 18:17,0
5072,23,15,11.32,12.4,58.5,10/23/23 18:17,0
5047,23,14,8.38,10,56.3,10/23/23 18:18,0
5022,23,13,14.68,12.9,59.6,10/23/23 18:18,0
Border,23,12,15.31,12.8,59.7,10/23/23 18:18,0
4247,23,11,13.16,13.2,60.3,10/23/23 18:19,0
4222,23,10,2.51,0,0,10/23/23 18:19,0
4197,23,9,11.87,11.9,58.2,10/23/23 18:19,0
4172,23,8,11.56,11.6,56.9,10/23/23 18:20,0
4147,23,7,8.91,13.3,57.6,10/23/23 18:20,0
4122,23,6,15.66,12.8,60.2,10/23/23 18:20,0
4097,23,5,4.21,0,0,10/23/23 18:21,0
4072,23,4,7.36,13.7,55.9,10/23/23 18:21,0
4047,23,3,7.46,10.3,55.2,10/23/23 18:21,0
4022,23,2,12.9,11,56.6,10/23/23 18:21,0
4023,24,2,11.67,11.5,58.6,10/23/23 18:25,0
4048,24,3,5.42,12.8,55.4,10/23/23 18:25,0
4073,24,4,10.01,14.8,58.9,10/23/23 18:25,0
4098,24,5,4.46,12.2,56.6,10/23/23 18:25,0
4123,24,6,16.37,12.9,60.4,10/23/23 18:26,0
4148,24,7,13.97,11.2,57.3,10/23/23 18:26,0
4173,24,8,13.44,11.8,59.6,10/23/23 18:26,0
4198,24,9,12.24,12.6,60.4,10/23/23 18:27,0
4223,24,10,5.9,13.8,56.9,10/23/23 18:27,0
4248,24,11,15.61,12.4,59.9,10/23/23 18:28,0
Border,24,12,14.19,11.9,59.4,10/23/23 18:28,0
5023,24,13,15.95,12.6,60.3,10/23/23 18:28,0
5048,24,14,14.33,10.4,56.2,10/23/23 18:29,0
5073,24,15,14.52,11.5,58.6,10/23/23 18:29,0
5098,24,16,13.82,11.5,57.8,10/23/23 18:29,0
5123,24,17,13.14,12.8,60,10/23/23 18:30,0
5148,24,18,11.24,12.8,60.3,10/23/23 18:30,0
5173,24,19,6.27,10.7,57.5,10/23/23 18:31,0
5198,24,20,8.62,12.7,60.2,10/23/23 18:31,0
5223,24,21,12.45,11.9,58,10/23/23 18:31,0
5248,24,22,13.69,12.6,59.9,10/23/23 18:32,0
Border,24,23,14.22,12.4,59.5,10/23/23 18:32,0
6023,24,24,11.77,13,59.4,10/23/23 18:32,0
6048,24,25,11.4,10.7,55.1,10/23/23 18:33,0
6073,24,26,9.83,9.96,55.2,10/23/23 18:33,0
6098,24,27,11,11,55.8,10/23/23 18:33,0
6123,24,28,14.99,12.1,58.7,10/23/23 18:34,0
6148,24,29,15.93,11.9,59,10/23/23 18:34,0
6173,24,30,8.7,11.4,58.3,10/23/23 18:34,0
6198,24,31,9.44,9.33,52.9,10/23/23 18:35,0
6223,24,32,11.05,10.7,57.5,10/23/23 18:35,0
6248,24,33,17.45,12.4,59.7,10/23/23 18:35,0
Border,24,34,19.32,13,58.6,10/23/23 18:36,0
Border,25,34,15.67,12.9,58.9,10/23/23 18:38,0
6249,25,33,15.23,13,59.9,10/23/23 18:38,0
6224,25,32,8.06,11.3,56,10/23/23 18:38,0
6199,25,31,4.84,18.1,55.5,10/23/23 18:39,0
6174,25,30,11.05,11.8,60.2,10/23/23 18:39,0
6149,25,29,14.97,12.5,60.1,10/23/23 18:39,0
6124,25,28,17.35,11.8,59.4,10/23/23 18:40,0
6099,25,27,15.96,10.4,55.9,10/23/23 18:40,0
6074,25,26,13.61,12.5,60.1,10/23/23 18:40,0
6049,25,25,10.55,10.7,56.9,10/23/23 18:41,0
6024,25,24,13.05,12.9,60.1,10/23/23 18:41,0
Border,25,23,11.87,12.9,59.6,10/23/23 18:41,0
5249,25,22,14.89,13.2,60.1,10/23/23 18:42,0
5224,25,21,11.63,9.54,54.4,10/23/23 18:42,0
5199,25,20,14.87,13.7,56.3,10/23/23 18:42,0
5174,25,19,13.21,11.1,56.9,10/23/23 18:43,0
5149,25,18,13.46,13.2,60.8,10/23/23 18:43,0
5124,25,17,14.98,13.2,60.1,10/23/23 18:43,0
5099,25,16,12.11,11.7,59,10/23/23 18:44,0
5074,25,15,14.09,12,57.4,10/23/23 18:44,0
5049,25,14,11.22,11.2,57.5,10/23/23 18:44,0
5024,25,13,13.54,13.3,60.8,10/23/23 18:45,0
Border,25,12,14.86,11.9,59.7,10/23/23 18:45,0
4249,25,11,14.45,12.5,60,10/23/23 18:46,4
4224,25,10,9.81,16.2,58.9,10/23/23 18:46,4
4199,25,9,5.8,14.8,58.7,10/23/23 18:46,4
4174,25,8,6.02,16,58.7,10/23/23 18:46,4
4149,25,7,9.3,15.2,59.4,10/23/23 18:47,4
4124,25,6,12.99,12.9,59.6,10/23/23 18:47,4
4099,25,5,4.14,0,0,10/23/23 18:47,4
4074,25,4,10.08,12.6,57.7,10/23/23 18:48,4
4049,25,3,4.67,11.9,54.3,10/23/23 18:48,4
4024,25,2,6.23,16.5,58.3,10/23/23 18:48,4
4025,26,2,5.78,16.8,58.2,10/23/23 18:49,0
4050,26,3,9.72,11.2,58.1,10/23/23 18:50,0
4075,26,4,10.39,10.3,56.9,10/23/23 18:50,0
4100,26,5,5.05,13.5,57.7,10/23/23 18:50,0
4125,26,6,13.24,12.2,59.8,10/23/23 18:51,0
4150,26,7,10.73,13,56.2,10/23/23 18:51,0
4175,26,8,6.98,13.4,58,10/23/23 18:51,0
4200,26,9,11.97,10.8,57.1,10/23/23 18:52,0
4225,26,10,11.55,9.52,54,10/23/23 18:52,0
4250,26,11,11.36,12.5,59.6,10/23/23 18:52,0
Border,26,12,14.69,12.7,60.3,10/23/23 18:52,0
5025,26,13,12.5,13.5,60.4,10/23/23 18:53,0
5050,26,14,10.38,9.94,55.4,10/23/23 18:53,0
5075,26,15,7.5,14.1,55.5,10/23/23 18:53,0
5100,26,16,13.87,11.8,56.9,10/23/23 18:54,0
5125,26,17,9.59,13.5,60,10/23/23 18:54,0
5150,26,18,13.59,13,60.1,10/23/23 18:54,0
5175,26,19,11.44,11.3,57.3,10/23/23 18:55,0
5200,26,20,12.15,11.1,56.9,10/23/23 18:55,0
5225,26,21,10.56,11.5,56.5,10/23/23 18:55,0
5250,26,22,10.91,14.3,60.6,10/23/23 18:56,0
Border,26,23,9.2,12.6,59.4,10/23/23 18:56,0
6025,26,24,11.61,13.1,59.7,10/23/23 18:56,0
6050,26,25,13.26,12.2,58.9,10/23/23 18:57,0
6075,26,26,13.81,11.5,58.5,10/23/23 18:57,0
6100,26,27,10.06,13.1,55.5,10/23/23 18:57,0
6125,26,28,14.77,12.2,59.6,10/23/23 18:57,0
6150,26,29,12.61,13,59.6,10/23/23 18:58,0
6175,26,30,10.12,12.3,57.4,10/23/23 18:58,0
6200,26,31,11.82,12.9,60.1,10/23/23 18:58,0
6225,26,32,11.75,12.4,58.7,10/23/23 18:59,0
6250,26,33,16.4,13.9,60.8,10/23/23 18:59,0
Border,26,34,13.49,11.9,57.1,10/23/23 18:59,0
