genotype	earHt.sp	flagLeafHt.sp	tasselTipHt.sp	combineMoisture.sp	combineTestWt.sp	earLen.sp	earFillLen.sp	earWidth.sp	shelledCobWidth.sp	shelledCobWt.sp	shelledCobLen.sp	kernelsPerEar.sp	moistureCorrectedStarch.sp	moistureCorrectedProtein.sp	moistureCorrectedOil.sp	moistureCorrectedFiber.sp	moistureCorrectedAsh.sp	yieldPerAc.sp	GDDToAnthesis.sp	GDDToSilking.sp	kernelsPerRow.sp	kernelRows.sp	moistureCorrectedKernelMass.sp	moistureCorrectedHundredKernelWt.sp	ASI.GDD.sp
2369 X 3IIH6	1.18537673395391	2.22653840756104	1.0137274727861	-0.13534552574995	0.173992856212794	0.120214711162664	-0.121984475167296	-0.0320343160769429	-0.0892712999618851	0.113374586638487	0.031631888071302	3.17724362052836	-0.034967256253056	-0.172617004923803	-0.0297822001955103	0.196527785914428	0.058530339621278	2.39999805730573	2.05808705658645	2.76675234039103	0.00922736836797975	2.26536301553535	1.60468727339031	0.0141541176100827	1.73683766388309
2369 X LH123HT	1.02910382806463	2.03521096578158	1.01886313614176	0.466003517902518	0.243764068644753	-0.0019599413499829	0.105554704088156	-0.0461996186076692	-0.119105428436143	0.299643859323542	0.0388643849730133	2.76418906027835	0.132790266474671	0.208550678647674	-0.0944302884182508	-0.40125315434089	0.00431154627477602	2.61954300332111	2.61944837187113	3.95214132443981	0.0918391464368792	-1.02408949645111	1.58631094905942	0.2615854420653	1.07294525484577
2369 X PHN82	0.899983424571559	1.96834141862157	0.50956734306076	0.14416765582363	-0.0444577732037595	0.0490586970267843	-0.0625886652642464	-0.0266666108657446	-0.254595041226383	0.0596248681674478	-0.192285698379079	2.42511915538317	-0.166903878395586	-0.174025188519274	-0.0148218099804339	0.333760672797441	0.0610508988714658	2.02658305722457	2.58232999454999	3.21231742664437	0.0349798956481656	0.812188872994382	1.41919442707748	0.0271624402285077	0.848525675826044
2369 X PHP02	0.93450117793956	1.97688513620191	0.526099314619809	0.149921929803878	0.121714644491097	-0.0970271914936474	0.0169527745875824	0.0070635388124478	0.0147481047295108	0.268841352840276	0.0765238051260192	2.99302224815152	0.102054229703978	0.0554058169937377	-0.00314506346228537	-0.201659365546656	0.0038458443185382	2.32891916853249	2.06781194926558	2.15265210989852	0.0160314035147406	-0.279789695696073	1.52440362310165	0.226786931240268	2.0724728553388
2369 X PHZ51	1.04317203235234	1.9388880395521	0.860135829582172	0.290056664894055	-0.0696796497579763	-0.305529373645497	0.0242136015186596	0.0640277138954777	-0.0161568192689142	0.257324069967453	0.122920646162809	3.39874043949806	-0.086631566522155	0.0612656420601524	-0.0912277586316298	0.0386990729586863	0.0168402548704672	1.90292698911224	3.0655714633302	4.87171969094095	0.0826443475857233	-0.997441975778879	1.59287880068302	0.0423280790678396	1.04687011143725
2FACC X 3IIH6	0.798636576447398	1.86020009026217	0.459590382746219	-0.195961698183586	0.191767329867613	0.0279685952316611	0.0191557201111878	-0.0354765988617944	-0.0651793529445159	0.0121012573964222	-0.224077736111027	2.36713959048147	0.310206655060307	0.0316909487866419	0.0088660782251976	0.0338500309033941	0.0169536480257557	2.34922700808483	2.32682557216777	2.30406545752404	0.224270562965867	1.88918948316015	1.29791426729408	0.208858250512103	0.856376774962828
4N506 X 3IIH6	1.17842044033027	2.19070605862764	1.41698459881213	-0.0505539815542962	0.240162151196285	-0.534950933234538	0.102439961788433	0.0224860982580644	0.0553926667974261	0.117864710519572	-0.0647032530270177	2.53789852115097	0.142924251372492	-0.0493895860025859	-0.253161393445514	0.316267351720401	0.000393634386209395	2.26489946857556	2.00602393060481	3.40997086804368	0.159320506121526	-0.0404212364494349	1.48540275290124	0.239889562785185	2.02000431730894
B105 X 3IIH6	0.82130656867131	1.92411912674064	1.03490459446618	0.188667221070182	0.3985389158324	-0.137048465187385	-0.025135470218782	-0.0995616064467673	-0.12179781553891	-0.213147734898688	-0.366387609131209	1.82498286836473	0.0819136639082984	0.0249602631010224	-0.0690153624813004	0.139212389531061	-0.00850790056392245	2.1334580138223	2.3912592709785	2.94971134943782	-0.0452298190927198	0.848596250332877	1.08273358747672	0.0895702807020377	0.878906749407321
B14A X MO17	1.15447946452387	1.98845399839183	0.29048712732677	0.333588102109947	0.609285050095859	-0.0626905645762717	-0.00142287810711873	0.0428195605094945	-0.0558171890373252	0.22591911065458	-0.154883389041424	2.98454860411584	-0.124230534185283	-0.00223141460838772	0.0711903300267081	-0.47067776002369	-0.057332809799177	2.21320739227331	2.66176943685794	3.42434025804892	-0.000445623710917695	-1.67244759175006	1.67034301580348	0.301656505277052	0.422965995058987
B37 X H95	0.949079244665139	1.93161491723692	1.62942267694795	0.376823255081113	0.232560540183903	0.326371335603751	0.439927769424816	0.14946613720157	-0.252402167199305	0.614637027955491	0.33340541877846	4.12943863226766	0.244908522350397	0.291168014035719	-0.120073331173878	-0.142408248708013	-0.0234102303531076	1.72842249508849	2.64017639476954	4.14799661783154	0.515602964512904	2.04639298777971	1.56012719210869	-0.00826395791955501	1.18921393299017
B37 X MO17	1.13529227176885	2.03589639187561	0.691199757763641	0.29105307948559	0.289454317661547	-0.0585530547210987	-0.0136331313726332	0.0188685443273344	-0.0767554798448934	0.365022730621547	0.23072476622005	3.33787599228208	0.284168682807604	0.233363689932596	0.0751047789225738	-0.40630069537441	-0.0496636734429476	1.65104993264946	1.89287364661984	2.42127805674234	0.10058528986505	-1.97432152878948	1.41792721067168	0.141676939495977	0.718542463724743
B37 X OH43	0.894180660626796	1.9551307218517	1.12757709319747	0.601759831022178	0.422645748775774	0.15974757421314	0.352317640208156	0.167045632490803	-0.00170105200454597	0.398781320263122	0.24078649376677	3.68253096639186	0.195718286114632	0.172288562473933	-0.155497209636065	-0.605713057345987	-0.00230519764765566	1.51434216033138	3.32220317593156	4.60294098780642	0.394998653964421	0.31152849760157	1.09372590967713	-0.0644949776489548	0.529237608392666
B73 X 3IIH6	1.01266212850853	1.96481665444596	0.904746156485176	-0.0282046540614475	0.457909089178566	-0.35970635252845	0.244046794319971	-0.0221489181683793	-0.124162768091265	0.22117975035939	0.136468680787902	2.64909172213198	0.107836698006108	0.0569891764402188	-0.0297578681550393	0.267715007062792	0.0121952424014379	2.57679496672491	2.44617054230952	3.7244765744056	0.241442509050943	3.44877098690376	1.72081714890538	0.256691152100227	1.92480702572905
B73 X MO17	1.25478850141941	2.16566695439622	0.175193988962595	0.336715473448653	0.40470865083507	-0.122395113034246	0.112145954170104	0.109250153373721	0.402759469782096	0.325158008458202	0.346364050016075	3.72999776090293	-0.32965412277102	0.092822296858166	0.355097294616602	-0.148362781323157	0.00291493503766598	2.03266464415339	2.70213863954635	5.01681893382641	0.0995227368109766	-1.47665327017763	1.66991463073757	0.166639048622117	0.400141772469343
B73 X PHM49	1.10551488701894	1.98790386008759	0.830081394170408	0.271338112531018	0.263168256328544	-0.0458912848281146	0.113051373391618	0.0426744624874413	-0.0971045374440711	0.0867299278079906	0.0275217061064478	3.50214075553147	0.0462789016734152	0.0601659532325483	0.030177830026403	-0.187747515309628	-0.0268599717891206	2.52455194536151	2.27058650982288	4.90673031969585	0.0484741546891082	-0.253834675463767	1.65943440458382	0.0259520137102697	2.1615441840569
B73 X PHN82	1.11659381043168	2.06469823861613	0.376925437107091	0.170098573070009	0.0509112794263387	-0.0401806119071076	-0.116442346619457	-0.0574689366393521	-0.551910897403877	0.176526482536649	-0.192038850660099	2.60003274752554	0.0526377807330024	-0.176117720590353	-0.0538589924196272	0.25180225115183	-0.0357152268066656	2.472550025522	3.42216708580272	4.3400472757721	0.132638304825401	0.631381464321772	1.47213098978594	0.230317199079297	2.50726408355278
B73 X PHZ51	0.983593125719312	1.85103818074905	1.12613272787457	0.241859456713939	0.0796126539996724	-0.190098369162628	-2.63346315070304e-07	-0.0657867215710962	-0.27373871999569	0.0910590420985196	0.10421091022108	2.84010023715848	-0.0562226608358143	0.0230508679309069	0.225357079866374	-0.00379043733527952	0.00176195966045148	1.94565769602603	3.09856375242505	3.88592741933293	0.00492124111258238	0.0885324302619337	1.43958643460637	0.14766088347724	1.00634853797323
B84 X 3IIH6	1.25934693079504	2.11159239829977	1.04200312405379	-0.00719729413928813	0.186352752557524	0.000259007637365085	0.008720979494465	0.0681010952500021	-0.392585576275744	0.266147529438814	0.026403327167154	3.57336543906339	-0.0118407511066909	0.0357103933980571	0.0625214598361569	-0.271247240728699	0.000189379393412568	1.9928029650613	2.6503580076934	3.22064929761362	0.298857708400171	1.04955316770551	1.80828061941736	0.319412141515758	0.45066977651103
F42 X MO17	0.872444689714153	2.01397791953674	0.834254784523988	0.368047312533026	0.452456193668942	0.345033967475055	0.0563808659361563	0.0617618201434484	0.0398641501088262	0.337725800383945	0.226623764047784	3.49966513091535	-0.0266897742392918	0.104775186733374	0.189306766413057	-0.174140555766433	-0.0589146939449884	1.82702897797747	3.14391013307063	4.35626366297125	-0.0595274218105126	-0.50221601910042	1.7155438241476	0.201672654956874	1.49968604029006
F42 X OH43	0.765510353274574	1.92254274304015	0.639730842152889	0.375466352299805	0.534891259520117	-0.0456741277251011	0.0963285548302121	0.0397682215738179	-0.191824933848501	0.0296145955179056	-0.0456737475748146	2.54019909913723	0.0382620829026028	0.0293037576855653	-0.0879047470901264	-0.105599762549152	-0.048727930971752	1.6325630227574	4.11986013428132	5.11705815932539	0.158022021836716	1.51479970723045	1.21069620312137	0.106806823583983	1.21826835101125
HOEGEMEYER 7089 AMXT	0.767629359615716	1.76540149455489	0.302132765349916	-0.0149128561690191	-0.124247321821414	0.026149521852772	0.131385065041278	-0.0779792163566976	-0.173120918617941	-0.00951989009332707	-0.065890873708557	2.39662008292329	-0.170176908289396	-0.11928217227681	0.0126769108862923	0.13267683990855	-0.0227527198528389	1.81626248560447	2.86515032357257	3.05430122229354	0.207723889016673	-0.691519896325992	1.6476229258897	0.308183568170985	1.08151540955823
HOEGEMEYER 8065RR	0.940812685219639	1.92016686256823	-0.0370712610015855	0.121251990923733	0.00610140050144271	-0.285721272058926	-0.0554086938848773	0.0457484904414168	-0.0149092764474145	0.202116428350133	-0.0537294059813308	2.54897791663561	0.0854652357696856	-0.0736393400875005	-0.210030480402036	0.173843210291673	-0.0403650436971062	2.30821076514306	2.01151375761351	2.77893207207496	-0.023394829679931	-0.888623501032902	1.85193360828357	0.478517590082919	1.12699679962008
LH123HT X 3IIH6	1.30694849415811	1.97626606358992	0.930773236770918	0.160751664522953	0.173159501572167	0.0145444216438452	-0.148630853498255	0.0219620401926334	-0.0549498119965563	0.0728022302826405	0.166113040135594	1.97562342934366	0.478543045109591	0.274951678369854	0.206019213884378	-0.207316644915887	0.0661278356561742	2.22462694806572	2.75132636825946	3.89074752716027	-0.107943828021536	-0.429459418622646	1.46084615171911	0.344573059770505	1.35496585232693
LH123HT X PHB47	1.10845240199959	2.08680559916155	0.903959651353392	0.413615508490265	0.425079873531735	0.109461765922763	0.236086384661989	0.146795258092209	0.130541935162873	0.3006221330824	0.223581663705667	3.91756218423686	0.523763818300461	0.258281745943691	-0.0910888453553322	-0.428919285158824	0.0400939442998809	2.52654131811597	1.63580563041632	4.17467488986737	0.258598628188605	-2.30602745759157	1.86408236384886	0.340828362552675	1.9148629232027
LH145 X LH162	0.654071551561476	1.98315116968982	1.41039092886958	0.0647527800936117	-0.290967453742085	-0.436272357958964	0.155846656687412	0.286141625579735	0.213382831712731	0.194272590367064	0.0733076846294441	3.99470627050103	0.247314741991746	0.254884825882694	0.0936217957298988	0.607018718190863	0.0438736313123515	2.16890399980183	1.17632328996912	3.58259220634273	0.311852116177995	-1.35288935497095	1.75907962033518	0.260991822204607	0.520984694633467
LH185 X LH145	0.375751387473163	1.67360202374708	0.378206634910005	-0.261254794752595	-0.224650459349962	0.00265753245758014	-0.335532869957731	-0.0286662744541894	0.222887476554753	-0.00661094307410416	-0.00411410323983821	2.45230756599081	0.17546276316869	0.0873329949500154	0.0707168380811461	-0.212159101747366	-0.0476184896086836	1.60921827686417	2.22517102605789	3.17535154585925	-0.0440766644250448	-2.41103027827054	1.10724912054008	-0.0394577877538952	0.214288208605056
LH185 X LH82	0.742718129067583	1.81172054338935	-0.667270678879027	0.231462682953459	0.119655208837655	-0.387259435558216	0.0739442112863609	0.0104687844050034	-0.0433591438207824	-0.0825302569079315	-0.0616966228672481	2.10092595470895	0.118410684032075	0.0699966418793355	0.119016594623658	0.177068605926438	0.00769584997697584	2.07704715059783	2.64777076800203	2.91844350905668	0.025683163443538	0.359355629249987	1.59545678003583	0.142526175628346	0.975352289676353
LH185 X W606S	0.698086542152547	1.6792563010002	0.704477873735644	0.140406238820713	-0.0470322329972839	0.0223041584533976	-0.0548434602424149	-0.0328633467369677	-0.096363357057806	0.327960589944602	0.251602282171829	4.34972830980298	0.142191796383863	0.0544694207635399	-0.0937691060410872	-0.0434814419835793	0.0956441675299497	1.84279262366101	2.10718321359311	2.22640871133135	0.472117435304545	-3.11711622311105	1.80042197328976	0.35263549821505	1.81515428920843
LH195 X 3IIH6	1.03376019099475	2.05617551361149	0.559322993927015	0.0557287742112704	0.228704512973468	0.472219382277752	0.303313423459428	-0.0195381229468141	0.0690425533590896	0.275505734731834	0.207355678669203	3.19443093156374	0.306091118283795	0.119384530275091	0.146241104561107	0.119906969155469	-0.0761068699387283	2.51205694052778	2.00018832082343	2.56499490784744	0.402353610911054	1.63877321043333	1.79695981691764	0.126404507633255	0.847636050282494
LH195 X LH123HT	1.16510002485053	2.15875754520575	2.00670174165472	0.601638840017448	0.405965009008506	-0.0399685931775422	-0.0659556374721035	0.1112660548221	-0.118870200305572	0.345635928593892	0.0909455689448795	3.09126583101169	-0.0147340123699183	0.198132565746796	0.0145277690670704	-0.0456873371843884	0.0320528727825095	2.71985130241028	2.54826175106185	4.74040693745419	0.191931437943272	-0.606809207183553	1.81974684611973	0.386303843258587	1.44855746723942
LH195 X LH185	1.07735633682481	1.9371154203736	-0.00336672427709768	0.273912651380188	0.378516866931864	0.143364317648706	0.0896669000755527	0.00282973670151983	-0.0741228747060951	0.276609813805455	0.0916765639370708	3.08099804208417	0.153641750170109	-0.0462171682738792	0.148319971418594	-0.141167696332405	-0.0701420164635119	2.31313449587659	1.84615525057443	4.19107065252229	0.181875878162142	-1.06791035078509	1.64627642374556	0.147458497589604	0.240846922311797
LH195 X PHM49	1.05415072915622	2.13865563559265	1.45070434754396	0.0901874496400794	-0.0135716618440508	-0.0162599818671925	0.0810217893192358	-0.371717138166229	0.176289090169173	0.07185397722532	-0.0237344360315562	1.3969285305414	0.0196684108408176	0.0637988874140338	-0.0654567124350078	0.193172203771149	0.034661538369206	2.19832303600853	2.91739864603244	4.51066698598914	0.110039293981856	-1.51855175860352	0.805560076562579	0.0191650403229256	2.04186581793352
LH195 X PHZ51	1.12561286068625	1.90939152721161	0.71377225073791	0.195980119095626	-0.0395643620013665	0.24411092503153	0.040668831975467	-0.0448081563266145	-0.0676742662624432	0.0257881294728831	0.136499107148718	1.82780551714608	-0.102046996644709	-0.00467910757156663	0.113443824388613	0.107328331171708	-0.0168198287179172	2.14593335152866	2.48559319403595	3.62339350779653	0.082187528595249	-0.15341733905688	1.17702063882027	0.0429052672968248	0.753799994422086
LH198 X PHB47	0.810480434174705	1.9034409003208	0.313964317190466	0.185938332062136	-0.0296800288496707	0.321989265684711	0.404905448735644	0.0709325228201674	0.146944702881202	0.244623472666793	0.231435770800462	3.5023305537599	0.328084320997604	0.192349942576012	-0.026126790791105	-0.358638696849918	-0.0934439348757602	2.02070313966513	2.40240542668183	4.23136670178738	0.157731475443778	-2.2314549864212	1.61636602421355	0.184965119709299	-0.17793944535021
LH198 X PHZ51	1.01381831108018	2.06231194703526	0.484054209300434	0.217463507235028	0.0486852011417979	0.31040856509715	0.175763506543448	-0.0174677718660551	-0.241519237531911	0.425241544261054	0.336854087064758	3.09367708614733	0.101336992559629	0.178969276948377	-0.0313007321235789	-0.267735889915212	-0.0815021924171165	1.99734608122149	2.48941173619274	4.32557028535901	0.330113253090087	-1.31778994693858	1.58456059710063	0.248260857147373	1.89621565693236
LH74 X PHM49	0.936142666573333	1.94651571446542	1.1173357433275	0.246515343851953	0.035241293142655	0.222423488600228	0.127514532212602	0.0863887338358517	0.0783554314881182	0.114252635507641	0.0846550112349797	3.68186058851034	0.0819777034806134	0.0435847867899598	-0.0119316068770793	0.120046826943163	0.030240177643437	2.26158270443109	1.78452892445342	2.8431918444079	0.16156665355557	-1.91650177120815	1.70852677199448	0.293993206981404	0.812030962609319
LH74 X PHN82	1.00286980143778	2.0102155372948	0.865946747856503	0.267249458227135	0.0869317325174017	-0.0980939828808463	0.140656561249185	0.0618998194160757	-0.146131427290952	-0.00990764372931128	-0.234077956804773	2.43526285483561	-0.0677245387103068	0.0672689077646368	-0.149620596007209	-0.00498352185472121	-0.00407977603035567	2.2840287032187	2.0918125339039	2.9612110423379	0.177979108850853	-0.723425620567164	1.62989477191222	0.255464817676511	1.30394002783012
LH82 X PHB47	0.819576216089523	1.95198173606046	1.00877767887185	0.119480524663403	0.0731001453163981	-0.0327717570262988	0.445467354287243	0.0592124163064747	0.234897124664008	0.134805491745531	0.162061874001911	4.32411535251681	0.16305577219823	0.201445797106541	-0.0803011539132543	0.126700403656139	-0.000262577759510221	2.03551542096656	2.38416788009055	2.6804587913314	0.421139912924665	0.520347754859631	1.79057996763604	0.0538828757136415	0.923380405365764
LH82 X PHJ89	0.736630828231589	1.98163946483863	0.600985817198995	-0.0571570347678874	-0.111901125859321	-0.161722257493315	-0.0774486280365795	0.0550668903443592	0.0186191345745857	-0.0532512830761753	-0.0399601645577165	1.83461360503648	-0.105477949982155	0.136374252902034	-0.0187009372848195	0.541886560651238	0.0070401340898672	2.09014928296502	1.77187953319943	2.27929660796691	0.0931765292144478	1.18007600756034	1.65799400026626	0.209334912534355	1.91772368505268
LH82 X W606S	0.545210277202859	1.67648290837215	0.442571021866414	0.252504778730435	-0.0388350496004611	0.0475627758911698	-0.0463324726036146	-0.00885738627605619	-0.270841223882718	0.0504159164809238	-0.126598327166454	2.31800337540647	-0.0403131118640305	0.0240146657200206	-0.362410977361706	0.44899169682723	0.00669358746401367	1.77344109347195	1.86568511197339	4.35517557128037	0.1154389024561	3.07439444512043	1.31482446216989	0.0679523421464367	2.07543547521515
N209 X 3IIH6	1.13214322189365	2.04331924266199	0.818473188952392	-0.0795680311133562	0.375261293956051	-0.0835465997995152	0.0195371499616323	0.018250297448341	-0.0160568654612157	0.345692581264146	0.0942405079750653	2.70440713748147	0.0355404794846768	0.0249885560919229	0.120114796369866	-0.181537102068606	-0.061681021464751	2.19564969195428	2.2514391652186	3.39646195478573	0.340524179985471	3.68921354679654	1.69766639495419	0.222238261096328	0.94731760806145
PHB47 X 3IIH6	0.869383400352047	1.98595401277048	1.00711799059771	-0.0434676298598785	0.0750825765312469	0.0827925971535997	-0.153909044949034	-0.0420265037894565	-0.0442269180186173	-0.00844653194092956	-0.0998791874918668	2.87615163669753	0.35799199192221	0.206973344399969	0.227556078146839	-0.339722133739525	-0.00382844687048668	2.56350011258343	1.88452292923096	2.16495213508524	0.129246942867116	0.653626139787368	1.37592294876856	0.149289085135804	1.01309288123296
PHB47 X LH185	0.7041094790189	1.77532783282563	0.817569940712884	0.027767242939616	0.0248540437270779	0.0197375078644403	-0.0499149047139328	-0.0868392097123911	0.01071973154118	-0.304486444055335	-0.332683283234117	3.11001537553401	0.523569842975316	0.12762592987609	0.215129695282032	-0.367037597111356	0.0950202396679812	2.05350245155268	1.4968522253842	2.265719613795	-0.0595651253068639	-3.04817162036493	1.28632351576003	-0.0592887009428721	1.76317730478286
PHB47 X PHJ89	1.01998633759965	2.31314942571015	0.47238026194198	-0.0990711778591549	-0.0283275460031671	0.41519163934903	0.17766291063214	-0.0275129007739248	0.157980667023998	0.204498953560678	0.236487868979697	3.25796591427615	-0.00841261898075569	0.0582244969328722	-0.197942604765516	0.233004765825727	0.0703241430229571	2.24330253970074	1.58493781637821	2.37539171919143	0.214137829409083	-2.03341200105974	1.59356433918003	0.104862780631304	1.92857052502507
PHB47 X PHK56	0.870136554422618	2.05485188083242	0.62953263326511	-0.0193923161484157	-0.061188291217136	-0.083067845630462	0.163638635668598	0.12318763359995	0.449784136974786	0.134504361083827	0.138087575670077	3.07218995641196	0.297903845031477	0.223606091334078	-0.0513123815553315	-0.207007997349165	-0.00977438854530912	2.08388393665751	0.435939784947879	2.54987855601812	0.213844293282864	-1.49213457227659	1.67558180754337	0.257935829136493	0.767653008171779
PHG39 X PHM49	1.17671096186898	2.0918189123343	1.74768068590366	0.259925066977236	0.0506200429946899	-0.206756288637298	0.163574786232658	0.0176034852253876	0.228795121563709	0.336788728361899	0.317315614583622	3.60850688230576	-0.174137985571064	-0.115454881130123	-0.14850679286772	0.0260308631448143	-0.00524320629647869	2.19887154974776	2.91211218033826	4.20533635609291	0.451410298398552	-0.312694745305727	1.66515779050837	0.0595291242553499	1.9009365478931
PHG39 X PHN82	0.956751383355157	2.07865086294638	0.440582619250993	0.327227177283327	0.0830617535468989	0.0504455631541661	0.0203248232808948	0.0055216056292382	-0.0186623629904406	0.23018099917519	-0.0141125294369048	2.94434198038787	-0.143507565944493	-0.0591995684568819	-0.232520768233966	0.258122610060197	-0.0308817446914184	2.08477972956461	2.68339006783803	2.85968348525868	0.0986224808364453	-0.71410432425177	1.36632188888478	0.0247088747197592	0.525135502724086
PHJ40 X LH82	0.815547536302426	1.99207696548613	0.30237422572275	0.0105538379629476	-0.340686102942677	-0.261293119203995	0.0275647201726072	0.0486910390267802	0.0569574866949797	0.0924259057016354	0.0825631876552037	2.50377907283276	0.308017753670338	0.273402007263126	-0.0983681808087841	0.207217555560073	-0.00519426503880976	1.64026622316145	2.21299798030109	3.10979647610454	0.148260168686416	0.577003008129102	1.27581732755275	0.0496365843700861	0.878352285199703
PHK56 X 3IIH6	1.01827267474174	2.12500028381768	1.07282208511891	0.0130004630868124	-0.0415541367124486	0.388071433688579	0.0847793644281587	0.029332855333625	0.164752832332294	0.276026566279084	0.153624461575965	2.79981306982323	0.361338487069205	0.0209886981546705	0.371903897020972	-0.0818562154646166	0.0718566674423545	2.35525716767735	2.18976510570806	1.92359211711158	0.224675446333064	-0.218489332576704	1.63755655115239	0.380234829174813	1.56144335582708
PHK56 X LH145	0.974582249074086	2.16168609690554	0.392802976027718	-0.238755680097709	-0.00601570704354671	0.0778083479092137	0.133593226303792	0.0112541010163356	-0.00711272630866608	0.226964934042309	0.0550082674482363	3.15524959015682	-0.0839167636118467	-0.0515776413857419	0.202920320165474	-0.123524247345053	0.0183310586103491	2.20180392352656	2.31716141235761	3.23014108853892	0.109776636634523	-0.0938901941850427	1.69472066512441	0.10616657862138	-0.0708608978834274
PHK56 X LH185	0.903505714660508	2.07587329517117	1.03708560998581	0.171892725804657	0.350312978564948	-0.267617366793218	0.140097996198761	0.0920441502855357	0.210358095420087	-0.126535626839214	0.0797942270624129	3.15406685887835	0.247708507995904	0.0693779937433874	0.48201181280117	-0.494197697711848	0.0395843819991458	2.40495455061577	2.46434721667393	2.99598087713701	-0.00406322123052665	-2.46588277232005	1.61743935602557	0.22432336758916	1.14259145286733
PHK56 X LH198	0.701237447602522	1.88415568241655	0.556996399305682	0.111668762573342	0.0859090962610036	-0.243033578889733	0.338212045270274	0.1016984429633	0.191570934146711	0.384933417821455	0.392945343907589	3.23696489000641	0.124980897121097	0.162388457236001	-0.0335056487512301	-0.00114118698014424	-0.0130213208528037	2.54416007159636	2.24312641622971	5.02411664672131	0.387208537477337	0.61197364299719	1.82913054507012	0.320991147013	3.66287371421341
PHK56 X LH82	0.805926253150776	1.86249892819643	0.603070703980406	-0.0576762113655784	-0.0268824107562619	0.0492669079585844	0.175219364716204	-0.000422960837692363	-0.0307162149631113	0.196435465001927	0.0627941692654697	3.02442247891205	0.0164214719758275	0.0423724140527104	0.0237568562145712	0.210089185339513	0.0474717033306366	1.89953918029972	2.06050259233184	2.14030764242331	0.157808620106201	2.96889355737785	1.46068696896944	0.0149113481404791	2.28177347570842
PHK56 X PHJ89	0.926651388234286	1.81588804194778	0.67213883894186	0.144877422670244	0.113360149248481	-0.272301053249133	-0.0645113032458709	-0.0851992826991415	0.12329927614213	-0.104409623022321	-0.139329695345105	2.19820916705796	-0.0480656794351816	0.0558341889513982	0.172163217813396	0.195151506156832	-0.0279075797072617	2.09030324131428	2.69035813037827	3.17811085428724	0.0182440904436995	-0.0354145131351849	1.09198366163717	0.0199522883066886	1.90125300063328
PHK56 X W606S	1.12344591594836	2.08480684985778	1.17270898718205	0.137650681753779	-0.00841128465309553	-0.166735519510929	-0.105885654569258	0.135608140983455	0.0834144610862731	0.410693480968951	0.287336463044723	3.80744866920019	-0.0948200237223483	-0.170578226226238	0.082523045236822	0.0156217681906831	-0.0415006270781355	2.36297832970891	1.8686661883772	3.19666425684054	0.226202234669701	-0.153958197898612	1.86411876606388	0.362143362378258	1.49788484408907
PHK76 X 3IIH6	1.0852159795652	2.23385404793812	1.3158385415866	-0.238865289235828	-0.205672594242473	0.269322243213397	-0.429479263682532	-0.169224971793162	-0.265113149742551	-0.211351621455867	-0.228629365147426	1.79823489442984	0.022235964570169	-0.155810931891238	0.25603170381554	0.383951346147541	-0.0146166177660244	1.9256904652476	2.61084809258526	2.33349794841169	-0.112943089323468	-0.329852594459177	0.930621292784008	-0.0319316494094251	0.816715041440055
PHK76 X LH145	1.01522743321471	2.0300869460339	0.522839900310358	-0.107023102291796	-0.36978573439481	0.0344826723735191	0.0751109190899455	-0.134459889865435	-0.129088379222261	0.0706792847395842	0.149289698784841	2.82395985546895	0.0687335383889299	0.164264933521153	-0.162455172136165	0.240339973773048	0.0820038169489613	1.6576256708096	3.12230192770309	3.72441504895749	0.311784088024289	-2.60312884140096	1.42933665367623	0.126529105516647	1.29495437929455
PHK76 X LH198	0.813051425029705	1.98599268843993	0.0678404034321055	0.1740128392386	-0.21597787799388	0.0838979443127465	0.239299807739002	0.092804813349447	-0.0102349843422027	0.299024659760228	0.214106432333731	3.24641560468839	-0.17898030525965	-0.0385928410412088	-0.271945831806878	0.386817161140745	0.0661639133237774	2.18290527323973	2.60094771031698	3.50295159349419	0.174698092655934	-2.87561586547822	1.40947514049763	0.382648019688722	0.0586724562440367
PHK76 X LH82	0.85507526759933	1.93979226573089	1.26975147766316	-0.0210109927107747	-0.262248975705327	0.1884448252255	0.233730104124216	-0.000518081915361058	-0.0822552094288391	-0.00222990954261977	0.0101190616342404	2.43577759106038	-0.171870192377332	-0.057932964751051	0.000661541374205309	0.301147098261498	-0.0273091034589864	1.93297113145844	2.81815624529116	2.73407886533113	0.195425948734809	-0.155113474446471	1.22040516599082	0.124213253463259	1.22419251081924
PHK76 X W606S	0.995482559249867	1.91952204604967	-0.0619472416086209	0.0353575189271676	-0.325392805284341	0.342595083281586	0.0903490097791335	0.00136549784624011	-0.0647504168607765	0.141390828253954	0.104525817852605	3.23928508957763	-0.172010278039112	-0.083725161473659	-0.123343742690507	0.285036929924163	0.0397022908543161	1.88115793447959	2.60145386574857	3.05508245576994	0.0968673493064365	-2.30942692114453	1.23757991946011	0.192114815538614	0.788830457693263
PHN46 X PHB47	0.947677608038799	2.05315969795462	0.422493301270053	0.079673890213764	0.104444909469594	-0.0482121522060556	0.334749240310468	-0.0109812349518796	-0.110291430754866	0.0905434453704005	0.0175778489409017	2.90550091002041	-0.0141973602169466	-0.0754759584125993	-0.0542526953108127	0.192853145830464	0.0876823252108488	2.28030946723858	2.01499452882774	2.48454167892594	0.347175723415892	-2.049684526373	1.44162999841183	0.289035815599756	1.79504264103455
PHN46 X PHK56	0.945701830224229	1.98327885672622	0.249984339653655	-0.0133950533092772	0.209805899303082	-0.168007503898403	0.612299056709089	0.0651115066085739	0.214187842350166	0.412052588611929	0.404255381981647	4.06385125785072	-0.00706316357361204	-0.0737820419851165	0.24430729732705	0.0861761550398062	0.101935482340637	2.20236556606268	1.65629995485792	3.27222791557361	0.378258427523808	0.303861440282355	2.04214693354238	0.278430417355051	0.526947394724137
PHN46 X W606S	0.917459666317795	1.96339847142807	0.829006816792837	0.129510344434511	0.120817079401183	0.135275178087159	0.226181078646618	0.0702670520312784	-0.137471483049957	0.277464902735886	0.180540101682138	3.28730658134665	-0.21094247448507	-0.029164466015481	-0.103165460343123	0.436200485201465	0.0841424040406462	2.20704618557401	2.1717933447465	3.65366598255769	0.229247860828238	-0.0595171156596911	1.77685598826728	0.32782733452103	0.512829245947588
PHP02 X LH145	0.622617818192009	1.85247082333167	0.0941841794372049	-0.150638427469674	-0.267747347743064	-0.302579000227212	-0.145596317084556	0.0364987417498849	0.134834730834504	0.0122000118408261	-0.123781437506463	2.57351561844517	0.0548296126209319	0.247458790449223	-0.218307036465616	-0.242176352475321	0.00404944917370627	1.75823939407686	2.77719191634271	3.4128146319333	0.0579046340855505	-1.2985105738111	1.32054117491344	0.266489107634522	0.790512617948915
PHP02 X LH185	0.880474738762272	1.80656590349656	0.264984845497014	-0.0226722994368326	0.154032435678231	-0.389351206629971	-0.10976815168141	-0.110609355100837	0.110413020737839	-0.111662578322228	0.01834367864839	2.59886646229568	0.269103104284936	0.278688610974889	-0.0978595795054889	-0.431813514075562	-0.0278329824703975	2.22384233322633	2.2694331319549	3.34216290790415	-0.0224086335577827	-1.45704671891675	1.78454597239624	0.379654455009	0.982434487756062
PHP02 X LH198	0.915602277765039	1.90938186253144	0.400469302126046	0.212826436680446	0.177354344761272	0.140101890580896	0.0632967952974655	-0.0279304917854698	-0.254316164948167	0.318523831499612	0.104179603906737	2.72671861648027	-0.0461297432297956	0.0705902701233708	0.0232796133970118	-0.166931318622943	0.100476413662332	2.0726112828644	2.87166338028848	2.88605602661805	0.27773592504571	-0.41161820772019	1.31458710293116	0.328296570874379	0.389460017672368
PHP02 X LH82	1.02924745886492	2.09745737438171	0.214988697340421	-0.00274871021087624	0.161207488511015	0.0695027083595366	0.285125019134086	-0.0314986450831292	0.0844209797472373	-0.0210183388316959	-0.0641222314202026	2.09207573759649	0.164389201290843	0.254088070301589	-0.125707918815656	0.177155791069234	-0.0439576558871287	1.94899622180151	3.70409900695149	2.39356377379435	0.133809278258922	2.73445152006938	1.21253311184802	0.121135520586427	0.316922940455633
PHP02 X PHB47	0.72293360693264	1.97082687086427	0.32736488431984	0.110495130738632	0.136329683408992	-0.358744535513806	0.152034953023577	0.0374900459154342	-0.134925740695943	-0.0765209681609908	-0.242446459097561	3.31637055544766	0.444101514146291	0.209330011947846	-0.0147419894616579	-0.394944996824337	-0.0041603195924814	2.12897046277333	1.7746707967413	2.4502591153516	0.260332069345453	-0.934281852981812	1.29100748124569	0.148193839183993	1.05681695977107
PHP02 X PHG47	0.923020017002006	1.9833548948175	0.835953176374639	-0.128625956907553	-0.0977817623199174	-0.0360451342206804	-0.306456676218407	-0.121297687700558	-0.0599573536902925	-0.178204069492082	-0.251594905632478	2.34550454248335	0.282053306572071	0.177471881684523	0.122097500650573	0.293100594087791	-0.0418299609481539	2.1552421134058	1.96334585990936	2.97916182410292	-0.0632323967137065	0.864138899801882	1.28843892146308	0.101471267222722	2.10398768239316
PHP02 X PHJ89	1.05105889050669	1.99284591126905	0.278472673178779	-0.0235381070343007	0.268753094802617	-0.07240660213452	-0.127233402986384	0.0206206913232748	0.0406575201096018	-0.0263673770781111	-0.0744326372125778	2.67794901852473	0.144850503257853	0.0259457961773515	0.0170511766855202	0.234891830306489	0.0434705378290306	2.00944510575082	2.84939038953826	2.60268231807543	0.0781764709545481	-1.68867703589989	1.47714167033225	0.0941532755212554	0.982404721826955
PHP02 X PHK56	0.963578347876123	2.1053898437194	-0.257479931738242	0.0450628050300837	-0.00243020279171936	-0.107640418931829	-0.228379590341002	-0.121271228832186	-0.19009639356928	0.0733680114088422	0.0397862991671128	2.63782745051085	0.299620283635348	0.035430270849816	0.302213342723843	-0.231713373818742	0.0130164808244871	2.29300536427921	1.53768808439811	2.40595186155856	0.0313519191543965	-0.367090351717985	1.43972814627429	0.264860221267577	1.36512747210896
PHP02 X PHK76	0.965590567004107	2.06973011362438	0.517343925166757	0.0130112910162364	-0.180130557924992	-0.20782204642809	-0.104068136419984	-0.0469022755249806	0.0193246196135473	0.017517917527092	-0.280048954490059	1.96563209209683	0.113951682284416	0.0418898144512201	0.0735947227595178	-0.37598187244447	-0.0405327753325998	1.93620017640917	2.95423753713657	3.52274900382282	-0.0731014507566401	-1.55424399170155	1.28941123988867	0.337321758899871	1.73632430248127
PHP02 X PHN46	0.903416430969507	1.96937380637182	-0.186394597237113	0.0429296494793978	0.180583257971782	0.0919282467339461	-0.254155749334442	0.0338129835794452	-0.181014406473029	-0.0974463303471266	-0.342040879866538	2.20734344104035	0.190627098909465	-0.040690382383577	0.0763425131215564	0.0014824547457116	0.0803516976941365	2.14145496545907	2.11768349521357	2.66828940141242	-0.098195021119832	-0.0106641050805806	1.28018508722425	0.241377607322124	0.859661575241146
PHP02 X W606S	1.04869211205372	1.8966098005066	0.642391292787885	0.206655515764135	0.12446598072059	-0.107386507566131	-0.0571251887321565	0.037283292636567	-0.0266010641037415	0.0578795120056886	0.0206984062898819	3.3419401154398	0.153411538183109	0.0800784984479326	-0.0249059761493192	0.0446336400181256	0.0523958500891043	2.27629717447986	2.14606610422906	2.85939680381406	0.331969137173698	-0.5502743817298	1.50425042349877	0.353282958515802	1.19762536569292
PHT69 X 3IIH6	0.845536519974738	2.04236642987607	0.589256693941657	-0.23982698187618	0.118105902565242	-0.329758416080304	-0.357736077459455	0.0291801638762921	0.193308707801048	0.150895297081243	0.0296002944129545	2.02894782659818	-0.0525280929709751	0.100899659740389	0.111859245411891	0.137149085857972	0.000864745598859285	2.06861546082385	1.50970913371305	3.34024259142393	0.04287674172368	0.257906009210037	1.39405195036329	0.246304975062393	2.19022903070943
PHW52 X LH185	0.750677281782448	1.91229523606295	-0.237765751983402	0.315541228439541	0.237329437017614	0.13021788510002	0.0467990057245537	0.142970219293196	0.261746544429341	0.31170199181329	0.192944427852137	4.69618548864224	0.235416970685797	-0.00825245333651032	0.0388152633222417	0.0680519304055756	-0.0661482408496844	2.13367590209123	2.16001488368369	3.09520854190322	0.181918220440508	-2.01467201685657	2.11003684925895	0.339643185610222	1.01463401843344
PHW52 X PHM49	0.755478988964762	1.82608500628363	-0.0837131682172715	0.389082482415192	0.277543198196055	0.0591567891500446	0.333960928886035	0.0567261257170817	0.446586821817781	0.326916846918362	0.255384423402435	3.72789020502573	-0.121070934383544	-0.021522179612183	-0.200114164408525	0.22364091835408	-0.0198627314996236	2.12216097393883	3.58499803429403	4.51075599323531	0.269553772454375	-0.909231148712742	1.75781475063209	0.273116794809426	0.524790109056874
PHW52 X PHN82	0.918452571171811	1.91627042900345	0.496908831944924	0.266365888055889	0.307483640187396	-0.340846173862324	0.12493581245951	-0.0215412974030488	-0.240986931164961	0.23421598818076	0.0155551492268712	3.12432864160641	-0.271734752533707	-0.101593342066731	-0.258746493504553	0.368516864182734	-0.0577166572876059	2.09824378500357	1.92103535633344	2.07962760656108	0.190522425823262	-0.452605615218179	1.80125490776367	0.215382620813456	0.910640776392677
PHW52 X PHZ51	0.939507762392275	1.92534311134712	0.0602251808004842	0.398459409753463	0.0106277376020587	0.16527440417792	0.142234904195801	-0.0268596171834151	0.0333837876701597	0.362347721611374	0.053669527736285	3.53007181207656	-0.383625978958852	-0.0690063737616073	-0.282790423628027	0.145822827889834	0.00206781437418437	2.06009984181251	2.57890701609958	3.00578146999565	0.340105775763249	-1.2156444358703	1.75868559054998	0.263831725472062	0.070464839094035
PHZ51 X LH145	0.745392234237182	1.92228954835312	0.26019931769273	-0.164874495166735	-0.257565607010491	0.139366917878838	0.0684089762710174	-0.0698213935786775	0.157677297079938	0.0843163886862972	-0.0756305547549892	2.54506685379199	-0.1690279233063	0.0639745489666053	-0.0674059027696428	-0.249426288345152	0.028183396270871	1.66355604605122	3.33600677304759	3.25162024412539	0.106137349482534	-1.17705651055639	1.15609064010759	0.0890388607381673	1.15087603257954
PIONEER 1311 AMXT	0.985671566157117	2.09107445350268	0.617524527690277	0.182486923040651	0.258107148458856	0.0247555590573639	0.0190445034159907	0.142217530202319	-0.107008508543021	0.0971069690343138	-0.0811187589620073	3.16809400580086	-0.529431760158344	-0.350146517598645	-0.187449808799617	0.235105873720966	0.0485252649609623	2.44488427377954	2.78328307952271	3.90509066665726	0.121030112879622	2.37846635946729	1.66157556043804	0.262262692269443	1.33778762312746
PIONEER P0589 AMXT	0.961266530635769	1.97247821453421	0.0478209991129052	-0.00344632338137822	-0.0629641689951454	0.0911705490211644	0.168506516781027	-0.0806225915958403	-0.0276964251804573	0.00897660682916501	-0.199142715099162	2.9083664914949	-0.0965022911365901	0.0324088253950717	0.0421487433426078	-0.11103938474916	-0.044679991242965	2.21741909036033	2.109631581335	2.55975896062332	0.182607307918365	0.0464123305312599	1.50153878240641	0.117039375676919	0.622720479467978
SYNGENTA NK0760-3111	0.856704654824432	1.7938547647123	0.459588868656589	0.232319030342588	0.357365487173304	0.460316420195847	0.108393135014247	0.0678757449805947	0.2859452641205	0.163487201795603	0.0442584736060519	2.40059436894672	-0.144484122026915	0.126144809407806	-0.431783259304183	-0.0845471470341708	0.00460290414865431	2.05831389446512	1.69116076172741	2.61273832346754	-0.0199397818399301	-0.752658283267756	1.86222416613551	0.473610683992568	0.855420199715164
WF9 X H95	1.03112395733622	2.0540268809738	1.27557289214563	0.213906734066309	0.178085404453344	1.1165573630031	0.546991562462136	0.0729427699207584	0.343736749488596	0.530339680276017	0.49427505110798	3.77129664613771	0.200987075457775	0.328385021297545	-0.00716851793421598	-0.214084697761732	-0.0311681569570403	1.55059761183011	3.29319719115492	5.11233031137205	0.536602629509991	1.52905202248556	1.56363490144022	0.128209577855093	1.76306084186362
